"","Plot","Plant_sp","Plant_id","Mean_fruit_set","Mean_N_seeds","N_flowers","N_seeds_plant","N_seeds_sc","Mean_N_seeds_sc","N_flowers_sc"
"1","A","CLIB","366",0.624957264957265,14.5,442,4005.35111111111,0.366448441883551,0.612403100775194,0.531553398058252
"2","A","CLIB","367",0.78,16,201,2508.48,0.228773210207374,0.728682170542636,0.239077669902913
"3","A","CLIB","368",0.873636363636364,16.8,71,1042.07345454545,0.093899967362132,0.790697674418605,0.0813106796116505
"4","A","CLIB","369",0.761904761904762,15.6,409,4861.25714285714,0.445170691474034,0.697674418604651,0.491504854368932
"5","A","CLIB","370",0.773076923076923,17.9,212,2933.67230769231,0.26788041792482,0.875968992248062,0.252427184466019
"6","A","CLIB","371",0.842857142857143,9.2,630,4885.2,0.447372843937038,0.201550387596899,0.759708737864078
"7","A","CLIB","372",0.92,16.2,33,491.832,0.0432913216543862,0.744186046511628,0.0351941747572816
"8","A","CLIB","373",0.863095238095238,12.7,159,1742.84821428571,0.158353965227347,0.472868217054264,0.188106796116505
"9","A","CLIB","374",0.775277777777778,10.7,153,1269.20725,0.11479067577288,0.317829457364341,0.180825242718447
"10","A","CLIB","375",0.854191919191919,16,252,3444.10181818182,0.314827346480905,0.728682170542636,0.300970873786408
"11","A","CLIB","376",0.783333333333333,17.8,345,4810.45,0.440497687157403,0.868217054263566,0.413834951456311
"12","A","CLIB","377",0.941666666666667,16.6,29,453.318333333333,0.0397490140090095,0.775193798449613,0.0303398058252427
"13","A","CLIB","378",0.608888888888889,15.3,14,130.424,0.0100506974214222,0.674418604651163,0.0121359223300971
"14","A","CLIB","379",0.77,13,40,400.4,0.034881832227289,0.496124031007752,0.0436893203883495
"15","A","CLIB","380",0.576915113871636,13.3,8,61.383768115942,0.00370069851432924,0.51937984496124,0.00485436893203883
"16","A","HCOM","106",0.477961812744421,3.4,827,1343.93302507476,0.409905405015556,0.470588235294118,0.452714045886961
"17","A","HCOM","107",0.321428571428571,2.4,506,390.342857142857,0.118693732832958,0.229946524064171,0.273083379966424
"18","A","HCOM","108",0.208419913419913,2.22222222222222,116,53.7260221260221,0.0158961634928069,0.18716577540107,0.0548405148293229
"19","A","HCOM","109",0.293030303030303,2.4,190,133.621818181818,0.0402951025257328,0.229946524064171,0.0962506994963626
"20","A","HCOM","110",0.326776878092668,2.7,377,332.626184210526,0.101067954587056,0.302139037433155,0.200895355344152
"21","A","HCOM","111",0.378205128205128,3.9,170,250.75,0.0760642356754107,0.590909090909091,0.08505875769446
"22","A","HCOM","112",0.184275592828224,3.5,193,124.478162955466,0.0375027717972165,0.494652406417112,0.097929490766648
"23","A","HCOM","113",0.351701680672269,3.2,1066,1199.72477310924,0.365866437742555,0.422459893048128,0.586457750419698
"24","A","HCOM","114",0.506230158730159,3.3,253,422.65155952381,0.128560310281855,0.446524064171123,0.131505316172356
"25","A","HCOM","115",0.28167701863354,2.9,601,490.934875776398,0.149412977787031,0.350267379679144,0.326245103525462
"26","A","HCOM","116",0.191098901098901,2.8,323,172.829846153846,0.0522686271830588,0.32620320855615,0.170677112479015
"27","A","HCOM","117",0.380165501165501,3.7,1403,1973.47713310023,0.602158427934611,0.542780748663102,0.775041969781757
"28","A","HCOM","118",0.382636528625639,3.7,481,680.97822999505,0.207449275591179,0.542780748663102,0.259093452714046
"29","A","HCOM","119",0.33250773993808,2.4,183,146.037399380805,0.0440866287847724,0.229946524064171,0.0923335198656967
"30","A","HCOM","120",0.467320914379738,3.5,240,392.54956807898,0.1193676281848,0.494652406417112,0.124230554001119
"31","A","HHAL","471",0.561169116065668,19.1,885,9485.72215341602,0.252461223450254,0.304535637149028,0.438492063492063
"32","A","HHAL","472",0.629332770428746,21.6,2017,27418.2666758233,0.730405300250044,0.3585313174946,1
"33","A","HHAL","473",0.43338028250819,20.6,540,4820.9222626211,0.128133441942398,0.336933045356372,0.267361111111111
"34","A","HHAL","474",0.472222222222222,25.9,7,85.6138888888889,0.00192644514850693,0.451403887688985,0.00297619047619048
"35","A","HHAL","475",0.78537037037037,20.5384615384615,29,467.778675213675,0.0121120267739789,0.335603920917096,0.0138888888888889
"36","A","HHAL","476",0.468075927523727,40.4,488,9228.21052631579,0.245597938837975,0.764578833693305,0.24156746031746
"37","A","HHAL","477",0.0956908175456563,18.4,687,1209.60848643113,0.031883518980334,0.289416846652268,0.340277777777778
"38","A","HHAL","478",0.903225806451613,11.1111111111111,3,30.1075268817204,0.000447071325518096,0.131989440844732,0.000992063492063492
"39","A","HHAL","479",0.443477855477855,24.6,246,2683.75059020979,0.0711728393543515,0.423326133909287,0.121527777777778
"40","A","HHAL","480",0.436298701298701,30.1,45,590.966590909091,0.0153952716345377,0.542116630669547,0.0218253968253968
"41","A","HHAL","481",0.361111111111111,9.25,7,23.3819444444444,0.000267818889540134,0.091792656587473,0.00297619047619048
"42","A","HHAL","482",0.680328695301472,34.2,85,1977.71551724138,0.0523553602890403,0.630669546436285,0.0416666666666667
"43","A","HHAL","483",0.256578947368421,5,22,28.2236842105263,0.00039686253082112,0,0.0104166666666667
"44","A","HHAL","484",0.591089752854459,22.2,65,852.942513368984,0.0223775401155898,0.371490280777538,0.0317460317460317
"45","A","HHAL","485",0.544444444444445,18,2,19.6,0.000167021261866632,0.280777537796976,0.000496031746031746
"46","A","LPED","261",0.218045618247299,2.2,874,419.258114765906,0.292701080698145,0.571428571428572,0.560454241816967
"47","A","LPED","262",0.298112981397193,2.4,697,498.683395281224,0.348967666754367,0.666666666666667,0.442217768871076
"48","A","LPED","263",0.28789287758114,2.4,655,452.567603557552,0.316298242778327,0.666666666666667,0.414161656646627
"49","A","LPED","264",0.268719950850681,2,649,348.798496204184,0.242785963426043,0.476190476190476,0.410153640614562
"50","A","LPED","265",0.181165322773686,2.4,816,354.794168119986,0.24703342705005,0.666666666666667,0.521710086840347
"51","A","LPED","266",0.223672115795127,1.8,346,139.302993717205,0.0943748197373324,0.380952380952381,0.207748830995324
"52","A","LPED","267",0.358936629812319,2.9,404,420.530155488113,0.293602221849913,0.904761904761905,0.246492985971944
"53","A","LPED","268",0.348148866059314,2.4,483,403.574165535957,0.281590231944162,0.666666666666667,0.299265197060788
"54","A","LPED","269",0.174936428263551,1.8,103,32.4332138000624,0.0186659568979031,0.380952380952381,0.0454241816967268
"55","A","LPED","270",0.397695299438608,2,43,34.2017957517203,0.0199188585928646,0.476190476190476,0.0053440213760855
"56","A","LPED","271",0.302917082917083,2.4,860,625.220859140859,0.438609542154745,0.666666666666667,0.551102204408818
"57","A","LPED","273",0.385605345031575,1.8,115,79.8203064215359,0.0522359979181053,0.380952380952381,0.053440213760855
"58","A","LPED","274",0.399611617696724,2,505,403.607733873691,0.28161401248043,0.476190476190476,0.313961255845023
"59","A","LPED","275",0.420624649938466,2.2,1532,1417.67332015261,1,0.571428571428572,1
"60","A","ROFF","236",0.347863247863248,2.66666666666667,102,94.6188034188034,0.000545736503478501,0.641025641025641,0.0019895548371052
"61","A","ROFF","237",0.679133986928105,1.33333333333333,2302,2084.488583878,0.0615922583407736,0.128205128205128,0.184365414905082
"62","A","ROFF","238",0.573928571428571,1.75,111,111.485625,0.00106318784732708,0.288461538461538,0.00273563790101965
"63","A","ROFF","239",0.803809523809524,1.4,514,578.421333333333,0.0153881457894522,0.153846153846154,0.0361435795407444
"64","A","ROFF","240",0.790178571428571,1.6,1019,1288.30714285714,0.037166485256008,0.230769230769231,0.0780071292381663
"65","A","SGEN","241",0.295733454717901,2.2,430,279.763848163134,0.363578196674306,0.459770114942529,0.344572368421053
"66","A","SGEN","242",0.583063680281072,3.5,114,232.642408432148,0.30203166972714,0.957854406130268,0.0847039473684211
"67","A","SGEN","243",0.39485776558566,1.535,262,158.799947585585,0.205584128389616,0.204980842911877,0.206414473684211
"68","A","SGEN","244",0.504012909511631,1.73,75,65.3956750091341,0.0835864005628351,0.279693486590038,0.0526315789473684
"69","A","SGEN","245",0.4343115364168,3.07,540,720.00166507177,0.938584156089238,0.793103448275862,0.435032894736842
"70","A","SGEN","246",0.112872799842963,1.4,191,30.1821866780082,0.0375931558562186,0.153256704980843,0.148026315789474
"71","A","SGEN","247",0.410109964410167,2.73,391,437.763679310345,0.569945848445244,0.662835249042146,0.3125
"72","A","SGEN","248",0.504615876450915,1.54,73,56.7289168306118,0.0722665243276397,0.206896551724138,0.0509868421052632
"73","A","SGEN","249",0.529791368052238,2.75,265,386.085459468068,0.502447593547639,0.670498084291188,0.208881578947368
"74","A","SGEN","250",0.433851971783006,2.63,468,534.002360949395,0.695645671003138,0.624521072796935,0.375822368421053
"75","A","SGEN","Y",0.354117647058824,2.6,367,337.899058823529,0.439510093702833,0.613026819923372,0.292763157894737
"76","A","TMAS","566",0.0183605907423927,1.16666666666667,91,1.94928271715069,0.00405445422079574,0.238095238095238,0.029501525940997
"77","A","TMAS","567",0.0238061809030239,1.3,131,4.05419260778497,0.00843260866467835,0.428571428571429,0.0430654459138691
"78","A","TMAS","568",0.00307692307692308,1,114,0.350769230769231,0.000729590313249384,0,0.0373007799253984
"79","A","TMAS","570",0.00990860990860991,1.33333333333333,302,3.98986692320026,0.00829881301714329,0.476190476190476,0.101051203797898
"80","A","TMAS","572",0.0032258064516129,1,2102,6.78064516129032,0.0141035546829744,0,0.711427602577145
"81","A","TMAS","572_1",0.233226805873865,1.7,378,149.871545454545,0.31172867573236,1,0.126822651746355
"82","A","TMAS","574",0.0258306567983987,1.5,217,8.40787878787879,0.0174881556890235,0.714285714285714,0.0722278738555443
"83","A","TMAS","575",0.00666666666666667,1.5,151,1.51,0.00314075830023803,0.714285714285714,0.0498474059003052
"84","B","CLIB","381",0.901282051282051,12.4,259,2894.55743589744,0.264282814232445,0.449612403100775,0.309466019417476
"85","B","CLIB","382",0.8375,15.1,554,7006.0225,0.642436217706614,0.65891472868217,0.66747572815534
"86","B","CLIB","383",0.973333333333333,15.9,73,1129.748,0.101963863624114,0.72093023255814,0.0837378640776699
"87","B","CLIB","384",0.75,10,90,675,0.0601382610124069,0.263565891472868,0.104368932038835
"88","B","CLIB","385",0.826272577996716,11.3,292,2726.36899835796,0.248813625247755,0.364341085271318,0.349514563106796
"89","B","CLIB","386",0.77,12.8,674,6642.944,0.609041948665619,0.48062015503876,0.813106796116505
"90","B","CLIB","387",0.868997668997669,19.5,76,1287.85454545455,0.116505767140989,1,0.087378640776699
"91","B","CLIB","388",0.604882677708765,14,30,254.050724637681,0.0214213076426494,0.573643410852713,0.0315533980582524
"92","B","CLIB","389",0.930555555555556,9.8,233,2124.83055555556,0.193486921525433,0.248062015503876,0.277912621359223
"93","B","CLIB","390",0.941666666666667,15.9,185,2769.9125,0.252818553682849,0.72093023255814,0.219660194174757
"94","B","CLIB","391",0.67308972073678,13,563,4926.34366607249,0.451157046675998,0.496124031007752,0.678398058252427
"95","B","CLIB","392",0.857857142857143,14,32,384.32,0.0334028687354292,0.573643410852713,0.0339805825242718
"96","B","CLIB","393",0.814011914011914,16.3,302,4007.05504791505,0.366605162053045,0.751937984496124,0.361650485436893
"97","B","CLIB","394",0.890659340659341,12.6,7,78.5561538461538,0.00528013455681165,0.465116279069767,0.00364077669902913
"98","B","CLIB","395",0.783939393939394,11.9,54,503.759454545455,0.0443883533598305,0.410852713178295,0.0606796116504854
"99","B","HCOM","121",0.102370049378163,3.1,521,165.337866750671,0.0499806926768885,0.398395721925134,0.281477336317851
"100","B","HCOM","122",0.181203007518797,2.8,544,276.008421052632,0.0837777663710777,0.32620320855615,0.294348069390039
"101","B","HCOM","123",0.213100415923945,2.3,472,231.341811527035,0.0701372754263295,0.205882352941176,0.25405707890319
"102","B","HCOM","124",0.244047619047619,1.9,187,86.710119047619,0.0259689959768107,0.109625668449198,0.0945719082260772
"103","B","HCOM","125",0.28192007797271,2.4,264,178.624561403509,0.054038243496675,0.229946524064171,0.137660884163402
"104","B","HCOM","126",0.399555130859479,2,882,704.81525083612,0.214728732670769,0.133689839572193,0.483491885842194
"105","B","HCOM","127",0.338474025974026,3.88888888888889,387,509.403409090909,0.155052981900059,0.588235294117647,0.206491326245104
"106","B","HCOM","128",0.251578947368421,2.7,659,447.634421052632,0.136189689365631,0.302139037433155,0.358701734750979
"107","B","HCOM","129",0.217186147186147,2.8,79,48.0415757575758,0.014160221588144,0.32620320855615,0.034135422495803
"108","B","HCOM","130",0.355304695304695,3.6,139,177.79446953047,0.0537847462915421,0.518716577540107,0.0677112479015109
"109","B","HCOM","131",0.0631818181818182,1.44444444444444,188,17.1573737373737,0.00472866449288416,0,0.0951315053161724
"110","B","HCOM","132",0.428388746803069,2.8,1054,1264.26086956522,0.385574762342671,0.32620320855615,0.579742585338556
"111","B","HCOM","133",0.136935064935065,2.5,929,318.031688311688,0.0966110215163425,0.254010695187166,0.509792949076665
"112","B","HCOM","134",0.267316017316017,2.7,219,158.063961038961,0.047759354499504,0.302139037433155,0.112479015109121
"113","B","HCOM","135",0.301212121212121,3.2,320,308.441212121212,0.0936822385838245,0.422459893048128,0.16899832120873
"114","B","HHAL","486",0.604699248120301,33.9,535,10967.1279135338,0.29194413718292,0.624190064794816,0.264880952380952
"115","B","HHAL","487",0.627505173189384,30.2,217,4112.29240197931,0.109246805742275,0.544276457883369,0.107142857142857
"116","B","HHAL","488",0.427267526523819,14.4,921,5666.5928437695,0.150672532514775,0.203023758099352,0.456349206349206
"117","B","HHAL","489",0.428560606060606,31.5,245,3307.41647727273,0.0877949877756958,0.572354211663067,0.121031746031746
"118","B","HHAL","490",0.535714285714286,25.2857142857143,1,13.5459183673469,5.66588627152871e-06,0.438136377661216,0
"119","B","HHAL","491",0.482205513784461,41.2,48,953.60962406015,0.0250605530713515,0.781857451403888,0.0233134920634921
"120","B","HHAL","492",0.839285714285714,37.8,4,126.9,0.00302681616584902,0.708423326133909,0.00148809523809524
"121","B","HHAL","493",0.527958785853523,30.6,944,15250.8286716792,0.406114739217678,0.552915766738661,0.467757936507937
"122","B","HHAL","494",0.89292970187707,32.1,417,11952.4891104159,0.318206308007014,0.585313174946004,0.206349206349206
"123","B","HHAL","495",0.554024844720497,30.4,201,3385.31341118012,0.089871122487944,0.548596112311015,0.0992063492063492
"124","B","HHAL","496",0.364255404725993,19,351,2429.21929411765,0.0643889875046932,0.302375809935205,0.173611111111111
"125","B","HHAL","497",0.58026418026418,17.4,199,2009.22275058275,0.0531951014386045,0.267818574514039,0.0982142857142857
"126","B","HHAL","498",0.759764170920358,26.5,90,1812.03754764505,0.0479396565317829,0.464362850971922,0.0441468253968254
"127","B","HHAL","499",0.889219348659004,23.1,99,2033.55572844828,0.0538436319707438,0.390928725701944,0.0486111111111111
"128","B","HHAL","500",0.663509102076108,25.2631578947368,107,1793.56986750678,0.0474474498444781,0.437649198590429,0.0525793650793651
"129","B","LPED","276",0.181152841686357,1.7,212,65.2874841437632,0.0419406323867948,0.333333333333333,0.118236472945892
"130","B","LPED","277",0.265594965675057,2.1,35,19.5212299771167,0.00951882837387855,0.523809523809524,0
"131","B","LPED","278",0.237508961345341,1.7,112,45.2217062401529,0.0277256014561734,0.333333333333333,0.051436205744823
"132","B","LPED","279",0.341156270200388,2.9,110,108.828850193924,0.0727862775513003,0.904761904761905,0.0501002004008016
"133","B","LPED","280",0.325689518876925,2.2,186,133.272151124438,0.0901024404453003,0.571428571428572,0.100868403473614
"134","B","LPED","281",0.276128481581312,2.5,119,82.1482232704403,0.0538851445482559,0.714285714285714,0.0561122244488978
"135","B","LPED","282",0.289656494176618,2.2,98,62.4499401444789,0.0399304548641198,0.571428571428572,0.0420841683366733
"136","B","LPED","284",0.392061212814645,2,346,271.306359267735,0.187888858079662,0.476190476190476,0.207748830995324
"137","B","LPED","285",0.227895329924399,1.9,150,64.9501690284538,0.0417016710656578,0.428571428571428,0.0768203072812291
"138","B","LPED","286",0.267084351223007,2,83,44.3360023030191,0.0270981496363531,0.476190476190476,0.032064128256513
"139","B","LPED","287",0.17103473683783,2.1,378,135.76737410187,0.0918701103544052,0.523809523809524,0.229124916499666
"140","B","LPED","288",0.250291912386816,2.7,187,126.372386564103,0.0852144980435502,0.80952380952381,0.101536406145625
"141","B","LPED","289",0.347085464444811,2.2,237,180.970361161524,0.123892883769726,0.571428571428572,0.134936539746159
"142","B","LPED","290",0.22594484482046,2.2,85,42.2516859814261,0.0256215748868981,0.571428571428572,0.0334001336005344
"143","B","ROFF","16",0.874761904761905,3,12141,31861.4528571429,0.975109372680155,0.769230769230769,1
"144","B","ROFF","17",0.912380952380952,1.42857142857143,1742,2270.52517006803,0.067299609963936,0.164835164835165,0.13794246870596
"145","B","ROFF","18",0.724285714285714,1,971,703.281428571429,0.0192186851571088,0,0.0740280195639559
"146","B","ROFF","19",0.866944444444444,2,1008,1747.76,0.0512618794130601,0.384615384615385,0.0770952499378264
"147","B","ROFF","20",0.658412698412698,2.8,2911,5366.59022222222,0.16228271120607,0.692307692307692,0.234850368896626
"148","B","ROFF","21",0.782011278195489,2.9,2880,6531.35819548872,0.198016222119023,0.730769230769231,0.232280527232032
"149","B","ROFF","22",0.647002923976608,2.33333333333333,1884,2844.22485380117,0.0848999427168575,0.512820512820513,0.149714001492166
"150","B","ROFF","23",0.623571428571429,3.6,1702,3820.74685714286,0.114858321092673,1,0.134626543977452
"151","B","ROFF","24",0.752857142857143,2.88888888888889,2967,6452.98952380952,0.195611976939763,0.726495726495726,0.239492663516538
"152","B","ROFF","25",0.583928571428571,3,214,374.882142857143,0.00914383786630621,0.769230769230769,0.0112741440769295
"153","B","ROFF","26",0.7475,3,2940,6592.95,0.199905775634544,0.769230769230769,0.237254414324795
"154","B","ROFF","27",0.822380952380952,2.77777777777778,2943,6722.96428571429,0.203894438616393,0.683760683760684,0.237503108679433
"155","B","ROFF","28",0.697619047619048,3.1,2825,6109.39880952381,0.185071077103647,0.807692307692308,0.227721130730332
"156","B","ROFF","29",0.819404761904762,2.5,1366,2798.26726190476,0.0834900257640778,0.576923076923077,0.106772776257979
"157","B","ROFF","30",0.857309941520468,2,3190,5469.63742690058,0.165444060502614,0.384615384615385,0.257978943877974
"158","B","SGEN","226",0.471965977398915,3.22,223,338.899889731065,0.440817304746719,0.850574712643678,0.174342105263158
"159","B","SGEN","227",0.297326264717569,2.425,125,90.1270239925131,0.115888652899246,0.545977011494253,0.09375
"160","B","SGEN","228",0.251659438184905,1.69,43,18.2880913728971,0.0220579714181506,0.264367816091954,0.0263157894736842
"161","B","SGEN","229",0.404466645618695,2.7,55,60.0632968743763,0.0766216440435742,0.651340996168582,0.0361842105263158
"162","B","SGEN","230",0.155327711504182,2.18,115,38.9406572740985,0.0490328200438082,0.452107279693487,0.0855263157894737
"163","B","SGEN","231",0.188285164083351,1.13,236,50.211887557748,0.0637544644235357,0.0498084291187739,0.185032894736842
"164","B","SGEN","232",0.274702772683137,1.38,237,89.8442888337469,0.115519365221126,0.145593869731801,0.185855263157895
"165","B","SGEN","233",0.450571884256095,2,140,126.160127591707,0.162952418232363,0.383141762452107,0.106085526315789
"166","B","SGEN","234",0.430856565437846,1,533,229.646549378372,0.298118701001317,0,0.429276315789474
"167","B","SGEN","235",0.269127314707682,1.92,187,96.6274710726462,0.124379054374032,0.352490421455939,0.144736842105263
"168","B","TMAS","578",0.0259910489716783,1.5,250,9.74664336437935,0.020272749037175,0.714285714285714,0.0834181078331638
"169","B","TMAS","582",0.0136577491682907,1.16666666666667,727,11.5840475862386,0.0240944990773716,0.238095238095238,0.245167853509664
"170","B","TMAS","583",0.00158730158730159,1,34,0.053968253968254,0.000112252477880892,0,0.0101729399796541
"171","B","TMAS","584",0.0758715681028966,1,159,12.0635793283606,0.0250919118583631,0,0.0525601898948796
"172","B","TMAS","585",0.0458069062720226,1.33333333333333,78,4.76391825229035,0.0099088184056532,0.476190476190476,0.0250932519498135
"173","C","CLIB","469",0.696666666666667,11.8,21,172.634,0.0139329765875542,0.403100775193798,0.020631067961165
"174","C","CLIB","470",0.264935064935065,6.6,17,29.7257142857143,0.000788938201005942,0,0.0157766990291262
"175","C","HCOM","136",0.44352016404648,2.8,166,206.148172248804,0.0624435280815028,0.32620320855615,0.0828203693340795
"176","C","HCOM","137",0.214131920710868,2.6,643,357.985745044429,0.108812371805905,0.27807486631016,0.349748181309457
"177","C","HCOM","138",0.172785888575362,2.3,244,96.9674406684933,0.0291014231785379,0.205882352941176,0.1264689423615
"178","C","HCOM","139",0.0921522921522921,2.9,179,47.8362548562549,0.0140975197640078,0.350267379679144,0.0900951315053162
"179","C","HCOM","140",0.0557692307692308,1.66666666666667,18,1.67307692307692,0,0.053475935828877,0
"180","C","HCOM","141",0.153766233766234,2.22222222222222,151,51.597113997114,0.0152460279136126,0.18716577540107,0.0744264129826525
"181","C","HCOM","142",0.192077922077922,3,390,224.731168831169,0.0681184875042183,0.374331550802139,0.208170117515389
"182","C","HCOM","143",0.0704970760233918,2.9,585,119.598289473684,0.0360125339943761,0.350267379679144,0.31729155008394
"183","C","HCOM","144",0.119941520467836,2,133,31.9044444444444,0.00923219154760912,0.133689839572193,0.0643536653609401
"184","C","HCOM","145",0.15008658008658,2,480,144.083116883117,0.0434898211695018,0.133689839572193,0.258533855623951
"185","C","HCOM","146",0.215604575163399,2,346,149.198366013072,0.0450519390508086,0.133689839572193,0.183547845551203
"186","C","HCOM","147",0.2618786818243,3.5,491,450.03851471506,0.136923862345873,0.494652406417112,0.264689423614997
"187","C","HCOM","148",0.298095238095238,2,679,404.813333333333,0.123112792205021,0.133689839572193,0.369893676552882
"188","C","HCOM","149",0.322222222222222,1.9,133,81.4255555555555,0.0243551721109287,0.109625668449198,0.0643536653609401
"189","C","HCOM","150",0.0702991452991453,1.625,127,14.5079861111111,0.00391958253414597,0.0434491978609626,0.0609960828203693
"190","C","HHAL","501",0.674278846153846,36.7,14,346.444471153846,0.00887818764584229,0.684665226781858,0.0064484126984127
"191","C","HHAL","502",0.605853174603175,24.1,37,540.239275793651,0.0140432705417153,0.412526997840173,0.0178571428571429
"192","C","HHAL","503",0.505573416299369,16.8,117,993.75510707804,0.0261305236934621,0.254859611231102,0.0575396825396825
"193","C","HHAL","504",0.775821985032511,27.9,94,2034.67073794626,0.053873349570746,0.494600431965443,0.0461309523809524
"194","C","HHAL","505",0.857792207792208,22.875,159,3119.89748376623,0.0827971698630232,0.386069114470842,0.0783730158730159
"195","C","HHAL","506",0.706173612035681,13,371,3405.87533084809,0.0904191455362436,0.172786177105832,0.183531746031746
"196","C","HHAL","507",0.613448561242679,51.3,549,17276.9812442704,0.460116424229675,1,0.271825396825397
"197","C","HHAL","509",0.496258741258741,22.1,71,778.679590909091,0.0203982602721076,0.369330453563715,0.0347222222222222
"198","C","HHAL","510",0.8,17.2,5,68.8,0.00147831584971317,0.263498920086393,0.00198412698412698
"199","C","HHAL","511",0.650311942959002,35.5,273,6302.49819518717,0.167620891167145,0.658747300215983,0.134920634920635
"200","C","HHAL","512",0.67131299734748,44.1,21,621.702966843501,0.0162144676388631,0.844492440604752,0.00992063492063492
"201","C","HHAL","513",0.651575630252101,32.4,127,2681.10340336134,0.071102285659486,0.591792656587473,0.0625
"202","C","HHAL","514",0.756581196581197,36.6,14,387.672205128205,0.00997700277652834,0.682505399568035,0.0064484126984127
"203","C","HHAL","515",0.679347319347319,26,336,5934.77818181818,0.157820296383129,0.453563714902808,0.166170634920635
"204","C","LPED","291",0.25647909415041,2.7,383,265.225031260939,0.183580713828733,0.80952380952381,0.232464929859719
"205","C","LPED","292",0.244517267722136,2.2,47,25.2830854824688,0.0136006513971273,0.571428571428572,0.00801603206412826
"206","C","LPED","293",0.254421534347893,1.9,58,28.0372530851378,0.0155517632776694,0.428571428571428,0.0153640614562458
"207","C","LPED","294",0.346830595652895,2.5,378,327.754912891986,0.227878234001799,0.714285714285714,0.229124916499666
"208","C","LPED","295",0.288485499797527,2,76,43.8497959692241,0.0267537105567041,0.476190476190476,0.0273881095524382
"209","C","LPED","296",0.465566188197767,3.1,86,124.119945773525,0.0836188202850662,1,0.0340681362725451
"210","C","LPED","297",0.254891221445843,1.9,103,49.8822120369515,0.0310272045324196,0.428571428571428,0.0454241816967268
"211","C","LPED","298",0.29184926811598,1.2,138,48.3302388000062,0.0299277531344898,0.0952380952380952,0.0688042752171009
"212","C","LPED","299",0.380802998222353,2.9,71,78.4073373339825,0.0512350200651625,0.904761904761905,0.0240480961923848
"213","C","LPED","300",0.267382385148343,1.6,86,36.7918161964119,0.021753685077494,0.285714285714286,0.0340681362725451
"214","C","LPED","301",0.336267421267421,2.9,104,101.418254254254,0.067536451155196,0.904761904761905,0.0460921843687375
"215","C","LPED","302",0.257631175462079,1.8,85,39.417569845698,0.0236138257368839,0.380952380952381,0.0334001336005344
"216","C","LPED","303",0.200331343453295,2.1,137,57.6353275115129,0.0365196791730235,0.523809523809524,0.0681362725450902
"217","C","LPED","304",0.21029526029526,1.7,142,50.7652758352758,0.031652786020822,0.333333333333333,0.0714762859051436
"218","C","LPED","305",0.212235772357724,2,66,28.0151219512195,0.0155360851038807,0.476190476190476,0.0207080828323313
"219","C","ROFF","31",0.780833333333333,2.3,6113,10978.4385833333,0.33444665222793,0.5,0.500290143413745
"220","C","ROFF","32",0.907142857142857,2.1,2671,5088.255,0.153743761879669,0.423076923076923,0.214954820525574
"221","C","ROFF","33",0.65,3.4,1271,2808.91,0.0838165306187772,0.923076923076923,0.0988974550277709
"222","C","ROFF","34",0.601266233766234,3.3,1701,3375.08775,0.101186100586913,0.884615384615384,0.134543645859239
"223","C","ROFF","35",0.941111111111111,2.9,8126,22177.6597777778,0.678023658080837,0.730769230769231,0.667164055375943
"224","C","ROFF","36",0.646547619047619,2.6,992,1667.57561904762,0.048801930721498,0.615384615384615,0.075768880046423
"225","C","ROFF","37",0.679285714285714,2.8,1666,3168.732,0.0948553844152654,0.692307692307692,0.131642211721794
"226","C","ROFF","38",0.536868686868687,2.4,1083,1395.42909090909,0.040452842185102,0.538461538461538,0.0833126088037801
"227","C","ROFF","39",0.801428571428571,1.8,701,1011.24257142857,0.0286665177826832,0.307692307692308,0.0516455276465224
"228","C","ROFF","40",0.558571428571429,3,123,206.112857142857,0.00396622373949419,0.769230769230769,0.00373041531957225
"229","C","ROFF","41",0.742063492063492,2.7,2636,5281.41428571429,0.159669628320392,0.653846153846154,0.212053386388129
"230","C","ROFF","42",0.619047619047619,2,2809,3477.80952380952,0.104337466103194,0.384615384615385,0.226394760838929
"231","C","ROFF","43",0.772857142857143,2.8,810,1752.84,0.0514177269634772,0.692307692307692,0.0606814225317085
"232","C","ROFF","44",0.479960317460317,2.8,1426,1916.38555555556,0.0564350840923999,0.692307692307692,0.111746663350742
"233","C","ROFF","45",0.650555555555556,2.3,405,605.9925,0.0162339920073931,0.5,0.0271076846555583
"234","C","SGEN","251",0.241308121308121,2.4,1026,594.197117909118,0.774267594536248,0.53639846743295,0.834703947368421
"235","C","SGEN","252",0.164103561494866,1.71,285,79.9758706945229,0.102629969939508,0.272030651340996,0.225328947368421
"236","C","SGEN","253",0.100470759399331,3.06,219,67.3294747038676,0.0861121861861481,0.789272030651341,0.171052631578947
"237","C","SGEN","254",0.228981927049724,2.73,1227,767.02305085773,1,0.662835249042146,1
"238","C","SGEN","255",0.0783882783882784,2.83,389,86.295304029304,0.110883944696017,0.701149425287356,0.310855263157895
"239","C","SGEN","256",0.063982683982684,1.13,81,5.85633506493506,0.00582053408650983,0.0498084291187739,0.0575657894736842
"240","C","SGEN","257",0.135870558749816,2.53,479,164.657454032139,0.213234768531644,0.586206896551724,0.384868421052632
"241","C","SGEN","258",0.149174406604747,2.18,540,175.608111455108,0.227537704435548,0.452107279693486,0.435032894736842
"242","C","SGEN","259",0.0307060755336617,1.25,173,6.64018883415435,0.00684434569764292,0.0957854406130268,0.133223684210526
"243","C","TMAS","586",0.0906459803312104,1,141,12.7810832267007,0.026584300152512,0,0.0464564259070872
"244","C","TMAS","587",0.0824191279887482,1.1,28,2.53850914205345,0.00528002891267183,0.142857142857143,0.0081383519837233
"245","C","TMAS","588",0.0281957102451289,1.33333333333333,47,1.76693117536141,0.00367516804964614,0.476190476190476,0.0145812139708376
"246","C","TMAS","589",0.0466365007541478,1,4,0.186546003016591,0.000388010534669263,0,0
"247","D","CLIB","396",0.563333333333333,12.3,18,124.722,0.00952625402399784,0.441860465116279,0.0169902912621359
"248","D","CLIB","397",0.759308338720103,13.5,45,461.279815772463,0.040481274075462,0.534883720930233,0.0497572815533981
"249","D","CLIB","398",0.639285714285714,19.4,12,148.825714285714,0.011743201377654,0.992248062015504,0.00970873786407767
"250","D","CLIB","399",0.833333333333333,15.5,121,1562.91666666667,0.141804699682421,0.689922480620155,0.141990291262136
"251","D","CLIB","400",0.788095238095238,15.5,33,403.110714285714,0.0351311510995175,0.689922480620155,0.0351941747572816
"252","D","CLIB","401",0.885128205128205,12.8,32,362.548512820513,0.0314004287664021,0.48062015503876,0.0339805825242718
"253","D","CLIB","402",0.821984126984127,15.4,94,1189.90422222222,0.107496752708372,0.682170542635659,0.109223300970874
"254","D","CLIB","403",0.658461538461538,15.3,27,272.010461538462,0.0230731605779517,0.674418604651163,0.0279126213592233
"255","D","CLIB","404",0.783333333333333,10.7,62,519.663333333333,0.0458511180430541,0.317829457364341,0.0703883495145631
"256","D","CLIB","405",0.74047619047619,11.5,29,246.94880952381,0.0207681065745087,0.37984496124031,0.0303398058252427
"257","D","CLIB","406",0.691111111111111,13.9,69,662.844666666667,0.0590202700776192,0.565891472868217,0.0788834951456311
"258","D","CLIB","407",0.682894736842105,14.2,17,164.850789473684,0.0132171131411686,0.589147286821705,0.0157766990291262
"259","D","CLIB","408",0.623600288600289,13.5,82,690.32551948052,0.061547830900807,0.534883720930233,0.0946601941747573
"260","D","CLIB","409",0.826984126984127,18.2,60,903.066666666666,0.0811147705714961,0.89922480620155,0.0679611650485437
"261","D","CLIB","410",0.697647058823529,13.5,47,442.657058823529,0.0387684396447872,0.534883720930233,0.0521844660194175
"262","D","HCOM","151",0.310882352941176,2.2,132,90.2802352941177,0.0270592541998835,0.181818181818182,0.063794068270845
"263","D","HCOM","152",0.244535464535465,2.9,721,511.299202797203,0.155631927944061,0.350267379679144,0.393396754336877
"264","D","HCOM","153",0.27969696969697,2.9,310,251.447575757576,0.0762772645107208,0.350267379679144,0.163402350307778
"265","D","HCOM","154",0.227361853832442,2.6,154,91.0356862745098,0.0272899572321191,0.27807486631016,0.0761052042529379
"266","D","HCOM","155",0.374635854341737,1.9,157,111.75387535014,0.0336169713815984,0.109625668449198,0.0777839955232233
"267","D","HCOM","156",0.1,2.8,657,183.96,0.0556676038317143,0.32620320855615,0.357582540570789
"268","D","HCOM","157",0.272229437229437,4.1,1010,1127.3020995671,0.343749674613713,0.63903743315508,0.55512031337437
"269","D","HCOM","158",0.362037037037037,2.4,184,159.875555555556,0.0483125874146865,0.229946524064171,0.0928931169557918
"270","D","HCOM","159",0.04,3,27,3.24,0.000478514045925916,0.374331550802139,0.00503637381085618
"271","D","HCOM","160",0.135319255907491,2.7,596,217.755746606335,0.0659883015620971,0.302139037433155,0.323447118074986
"272","D","HCOM","161",0.05,2.875,278,39.9625,0.0116929969457633,0.344251336898396,0.145495243424734
"273","D","HCOM","162",0.400915750915751,2.5,313,313.716575091575,0.0952932527528373,0.254010695187166,0.165081141578064
"274","D","HCOM","163",0.204473304473304,2.8,108,61.8327272727273,0.0183718257228225,0.32620320855615,0.0503637381085618
"275","D","HCOM","164",0.416539343009931,2.9,626,756.185523300229,0.230416418479435,0.350267379679144,0.34023503077784
"276","D","HCOM","165",0.252836072536884,2.5,238,150.437463159446,0.0454303401335031,0.254010695187166,0.123111359820929
"277","D","HHAL","516",0.466666666666667,35,2,32.6666666666667,0.000515278361077908,0.647948164146868,0.000496031746031746
"278","D","HHAL","517",0.33548951048951,25,57,478.072552447552,0.0123863825769208,0.431965442764579,0.0277777777777778
"279","D","HHAL","518",0.61825311942959,24.8,74,1134.61812477718,0.0298848511881088,0.427645788336933,0.0362103174603175
"280","D","HHAL","519",0.793333333333333,25.6,84,1705.984,0.0451130824860739,0.444924406047516,0.0411706349206349
"281","D","HHAL","520",0.555493827160494,29.2,48,778.580148148148,0.0203956098909242,0.52267818574514,0.0233134920634921
"282","D","HHAL","521",0.650694444444444,23.2,77,1162.40055555556,0.0306253176742247,0.393088552915767,0.0376984126984127
"283","D","HHAL","522",0.788060731538992,31.3,195,4809.92867494824,0.127840437226617,0.568034557235421,0.0962301587301587
"284","D","HHAL","523",0.775452744765139,25.4,153,3013.56445670628,0.0799631470399936,0.44060475161987,0.0753968253968254
"285","D","HHAL","524",0.647008547008547,16.6111111111111,103,1106.99567901235,0.0291486486752122,0.250779937604992,0.0505952380952381
"286","D","HHAL","525",0.773291925465838,35.7,155,4279.01086956522,0.113690241194297,0.663066954643629,0.0763888888888889
"287","D","HHAL","526",0.548888888888889,37.4,66,1354.87733333333,0.0357552720845121,0.699784017278618,0.0322420634920635
"288","D","HHAL","527",0.641169288228112,46.6,278,8306.21989513754,0.221024741181283,0.898488120950324,0.137400793650794
"289","D","HHAL","528",0.676666666666667,24.2,37,605.887333333333,0.0157929441708703,0.414686825053996,0.0178571428571429
"290","D","HHAL","529",0.537926887926888,17.3,376,3499.10682058682,0.0929039818759035,0.265658747300216,0.186011904761905
"291","D","HHAL","530",0.849417989417989,23.2,186,3665.40850793651,0.0973363091639399,0.393088552915767,0.091765873015873
"292","D","LPED","306",0.15400217748949,1.7,152,39.7941626632843,0.0238806122315792,0.333333333333333,0.0781563126252505
"293","D","LPED","307",0.230121961371961,2.2,168,85.0530769230769,0.0559430056847399,0.571428571428572,0.0888443553774215
"294","D","LPED","308",0.446340795427483,2.1,239,224.018445225054,0.154389077309123,0.523809523809524,0.13627254509018
"295","D","LPED","309",0.342853957636566,1.3,547,243.803449275362,0.168405201971153,0.142857142857143,0.342017368069472
"296","D","LPED","310",0.422481218574386,2.2,342,317.874868855368,0.220878997179231,0.571428571428572,0.205076820307281
"297","D","LPED","311",0.324883005928893,2.1,151,103.020401180052,0.068671446679168,0.523809523809524,0.0774883099532398
"298","D","LPED","312",0.367555378982378,2.7,211,209.396299406261,0.144030433049994,0.80952380952381,0.117568470273881
"299","D","LPED","313",0.616275543836519,1.9,395,462.514795649308,0.323345048735035,0.428571428571428,0.240480961923848
"300","D","LPED","314",0.264973179235852,1.6,302,128.035040206764,0.0863923578340283,0.285714285714286,0.178356713426854
"301","D","LPED","315",0.300821494966502,2,373,224.41283524501,0.15466847172679,0.476190476190476,0.225784903139613
"302","D","LPED","316",0.407998346968935,1.9,287,222.48149860216,0.153300271089494,0.428571428571428,0.168336673346693
"303","D","LPED","317",0.51746549149775,2.7,318,444.295870999968,0.310438368582534,0.80952380952381,0.189044756179025
"304","D","LPED","318",0.410395989974937,2.4,355,349.657383458647,0.243394417728027,0.666666666666667,0.21376085504342
"305","D","LPED","319",0.171666666666667,1.3,226,50.4356666666667,0.0314192837589459,0.142857142857143,0.127588510354041
"306","D","LPED","320",0.408616008927374,1.9,197,152.944972141516,0.10403909222096,0.428571428571428,0.108216432865731
"307","D","ROFF","46",0.666666666666667,1,567,378,0.00923948951950789,0,0.0405371798060184
"308","D","ROFF","47",0.794047619047619,1,296,235.038095238095,0.00485361104311082,0,0.0180717897703722
"309","D","ROFF","48",0.829047619047619,2.14285714285714,2035,3615.23979591837,0.108553641548334,0.43956043956044,0.162231617342286
"310","D","ROFF","49",0.864603174603175,3,217,562.856666666667,0.0149106428026298,0.769230769230769,0.0115228384315676
"311","D","ROFF","50",0.719642857142857,3,801,1729.30178571429,0.0506956062867803,0.769230769230769,0.0599353394677941
"312","D","ROFF","51",0.845238095238095,2.11111111111111,1663,2967.44312169312,0.088680113035281,0.427350427350427,0.131393517367156
"313","D","ROFF","52",0.676865079365079,2.5,284,480.574206349206,0.0123863278650779,0.576923076923077,0.0170770123518196
"314","D","ROFF","53",0.66,2,1423,1878.36,0.055268511319451,0.384615384615385,0.111497968996104
"315","D","ROFF","54",0.906349206349206,2.1,791,1505.53666666667,0.0438307941465542,0.423076923076923,0.0591063582856669
"316","D","ROFF","55",0.831136363636364,2,524,871.030909090909,0.0243650130355915,0.384615384615385,0.0369725607228716
"317","D","ROFF","56",0.805714285714286,1.25,932,938.657142857143,0.0264396947041737,0.0961538461538461,0.07079499295366
"318","D","ROFF","57",0.656666666666667,1.5,78,76.83,0,0.192307692307692,0
"319","D","ROFF","58",0.93,1.6,1510,2246.88,0.066574208028051,0.230769230769231,0.11871010528061
"320","D","ROFF","59",0.773333333333333,3,152,352.64,0.00846147891348896,0.769230769230769,0.00613446074774103
"321","D","ROFF","60",0.702380952380952,2,186,261.285714285714,0.00565885260469568,0.384615384615385,0.00895299676697339
"322","D","SGEN","166",0.20001443001443,2.85333333333333,272,155.232532563733,0.200924635682525,0.710089399744572,0.214638157894737
"323","D","SGEN","167",0.331326432022084,2.8,154,142.867957487923,0.184774945489736,0.689655172413793,0.117598684210526
"324","D","SGEN","168",0.104454804454804,2.18,550,125.241310541311,0.161752327601123,0.452107279693487,0.443256578947368
"325","D","SGEN","169",0.284651015539113,2.33,179,118.719399050898,0.153233890906843,0.509578544061303,0.138157894736842
"326","D","SGEN","170",0.0636363636363636,2,11,1.4,0,0.383141762452107,0
"327","D","SGEN","171",0.127417027417027,1.25,164,26.1204906204906,0.0322880699487772,0.0957854406130268,0.125822368421053
"328","D","SGEN","172",0.0436079182630907,2.5,355,38.702027458493,0.0487211394911679,0.574712643678161,0.282894736842105
"329","D","SGEN","173",0.215288446858165,2.33333333333333,602,302.408505020102,0.39315496664172,0.510855683269476,0.486019736842105
"330","D","SGEN","174",0.234047619047619,2.92,90,61.5077142857143,0.0785082348531375,0.735632183908046,0.0649671052631579
"331","D","SGEN","175",0.209613526570048,1.915,244,97.9440164251208,0.126098628191722,0.350574712643678,0.191611842105263
"332","D","SGEN","176",0.167134894091416,2.125,68,24.1509921962096,0.0297156572946982,0.431034482758621,0.046875
"333","D","SGEN","177",0.252142857142857,1.655,101,42.1469392857143,0.053220627618337,0.25095785440613,0.0740131578947368
"334","D","SGEN","178",0.217835497835498,3.5,395,301.157575757576,0.391521095690309,0.957854406130268,0.31578947368421
"335","D","SGEN","179",0.179365079365079,2,37,13.2730158730159,0.0155076520485042,0.383141762452107,0.0213815789473684
"336","D","SGEN","180",0.130396864664599,2.63,320,109.742001301727,0.141508280321956,0.624521072796935,0.254111842105263
"337","D","TMAS","591",0.00844947735191638,1,328,2.77142857142857,0.00576449489353053,0,0.109867751780264
"338","D","TMAS","592",0.125209521935865,1.4,501,87.8219586858155,0.182667248798434,0.571428571428571,0.168531705662937
"339","D","TMAS","593",0.00832376578645235,1.25,122,1.26937428243398,0.0026402634527571,0.357142857142857,0.0400135639199729
"340","D","TMAS","594",0.0103174603174603,1,207,2.13571428571429,0.00444222673496296,0,0.0688368938623262
"341","D","TMAS","595",0.0117647058823529,1.5,141,2.48823529411765,0.00517546069731471,0.714285714285714,0.0464564259070872
"342","D","TMAS","596",0,1,204,0,0,0,0.0678195998643608
"343","D","TMAS","597",0.00344827586206897,1,420,1.44827586206897,0.003012373797899,0,0.14106476771787
"344","D","TMAS","598",0.00629885057471264,1,345,2.17310344827586,0.00451999516056178,0,0.115632417768735
"345","D","TMAS","599",0.00792612442202606,1.33333333333333,296,3.12817710522629,0.0065065219919563,0.476190476190476,0.0990166158019668
"346","D","TMAS","600",0.0784209852383368,1.1,448,38.6458615254524,0.0803823247390159,0.142857142857143,0.150559511698881
"347","E","CLIB","411",0.95,11.2,106,1127.84,0.101788374672468,0.356589147286822,0.12378640776699
"348","E","CLIB","412",0.745238095238095,14.2,158,1672.01619047619,0.151839165645952,0.589147286821705,0.186893203883495
"349","E","CLIB","413",0.719495798319328,14,417,4200.41647058823,0.384389644942828,0.573643410852713,0.50121359223301
"350","E","CLIB","414",0.560952380952381,10.7,77,462.168666666667,0.0405630264400288,0.317829457364341,0.0885922330097087
"351","E","CLIB","415",0.596666666666667,9.8,120,701.68,0.0625921631245225,0.248062015503876,0.140776699029126
"352","E","CLIB","416",0.831944444444444,17.6,87,1273.87333333333,0.115219840381087,0.852713178294574,0.100728155339806
"353","E","CLIB","417",0.600128205128205,17.4,33,344.593615384615,0.0297490209425353,0.837209302325581,0.0351941747572816
"354","E","CLIB","418",0.518333333333333,10.2,4,21.148,0,0.27906976744186,0
"355","E","CLIB","419",0.695555555555555,17.2,76,909.230222222222,0.0816816656987795,0.821705426356589,0.087378640776699
"356","E","CLIB","420",0.782222222222222,11.9,186,1731.37066666667,0.157298313865117,0.410852713178295,0.220873786407767
"357","E","CLIB","421",0.764247517188694,12.6,223,2147.38267379679,0.195561160302976,0.465116279069767,0.265776699029126
"358","E","CLIB","422",0.743549783549784,13.5,770,7729.2,0.708950715258507,0.534883720930233,0.929611650485437
"359","E","CLIB","423",0.866883116883117,13,280,3155.45454545455,0.288278914989081,0.496124031007752,0.33495145631068
"360","E","CLIB","424",0.534285714285714,17.9,9,86.0734285714286,0.00597153846707046,0.875968992248062,0.00606796116504854
"361","E","CLIB","425",0.821001221001221,14.7,93,1122.39076923077,0.101287179811373,0.627906976744186,0.108009708737864
"362","E","CSAL","361",0.479145299145299,33.4,56,896.193367521367,1,0.727272727272727,1
"363","E","CSAL","362",0.427380952380952,33,32,451.314285714286,0.503590298779493,0.708782742681048,0.571428571428571
"364","E","CSAL","363",0.526349206349206,25.75,12,162.641904761905,0.181480817261267,0.373651771956857,0.214285714285714
"365","E","CSAL","364",0.275208125208125,31.9,20,175.582783882784,0.19592064642076,0.657935285053929,0.357142857142857
"366","E","CSAL","365",0.3,17.6666666666667,2,10.6,0.0118278045611036,0,0.0357142857142857
"367","E","CSAL","365_1",0.188717948717949,18.25,0,0,0,0.0269645608628659,0
"368","E","CSAL","365_2",0.308717948717949,39.3,14,169.856615384615,0.18953121228111,1,0.25
"369","E","CSAL","365_3",0.152046783625731,33.5,0,0,0,0.731895223420647,0
"370","E","CSAL","365_4",0.394444444444444,31.2,0,0,0,0.62557781201849,0
"371","E","HCOM","181",0.071787946878691,2.85714285714286,751,154.036423159705,0.0465294067923664,0.339954163483575,0.410184667039731
"372","E","HCOM","182",0.237014274817478,3.125,356,263.678380734445,0.0800123629725451,0.404411764705882,0.189143816452154
"373","E","HCOM","183",0.203102453102453,2.85714285714286,196,113.737373737374,0.0342227010771662,0.339954163483575,0.0996082820369334
"374","E","HCOM","184",0.236153846153846,3.44444444444444,196,159.430085470085,0.0481765477481089,0.481283422459893,0.0996082820369334
"375","E","HCOM","185",0.252775033642664,4.3,1152,1252.1464066523,0.381875192945773,0.68716577540107,0.634583100167879
"376","E","HCOM","186",0.338151260504202,3,1278,1296.47193277311,0.395411522299931,0.374331550802139,0.705092333519866
"377","E","HCOM","187",0.185957066189624,2.44444444444444,741,336.83023255814,0.102351805858195,0.240641711229947,0.40458869613878
"378","E","HCOM","188",0.306509372979961,2.88888888888889,369,326.738991596639,0.099270097118297,0.347593582887701,0.196418578623391
"379","E","HCOM","189",0.356272893772894,3.33333333333333,608,722.046398046398,0.219990858226879,0.454545454545455,0.330162283156128
"380","E","HCOM","190",0.150793650793651,2.875,166,71.9662698412698,0.0214664527185253,0.344251336898396,0.0828203693340795
"381","E","HCOM","191",0.475413533834586,2.77777777777778,937,1237.39578111947,0.3773705803023,0.320855614973262,0.514269725797426
"382","E","HCOM","192",0.307277167277167,2.25,171,118.22489010989,0.0355931190939767,0.193850267379679,0.0856183547845551
"383","E","HCOM","193",0.253290043290043,2.8,333,236.167636363636,0.0716110076098049,0.32620320855615,0.176273083379966
"384","E","HCOM","194",0.115042735042735,3,197,67.9902564102564,0.0202522397800918,0.374331550802139,0.100167879127029
"385","E","HCOM","195",0.252950513538749,3,378,286.845882352941,0.0870873592481958,0.374331550802139,0.201454952434247
"386","E","HHAL","533",0.811557017151646,38.7,767,24089.3657844106,0.641682338412912,0.727861771058315,0.379960317460317
"387","E","HHAL","534",0.573992673992674,18.6,56,597.870769230769,0.0155792840667886,0.293736501079914,0.027281746031746
"388","E","HHAL","535",0.475,22.5,63,673.3125,0.0175899818971843,0.377969762419006,0.0307539682539683
"389","E","HHAL","536",0.911666666666667,29.3,56,1495.86266666667,0.0395128595756857,0.524838012958963,0.027281746031746
"390","E","HHAL","537",0.868831168831169,21.6,2000,37533.5064935065,1,0.3585313174946,0.99156746031746
"391","E","HHAL","538",0.735811310031259,18.3,236,3177.821885763,0.0843409900834014,0.287257019438445,0.11656746031746
"392","E","HHAL","539",0.878769230769231,31.8571428571429,548,15341.3021538462,0.408526068232092,0.580067880283863,0.271329365079365
"393","E","HHAL","540",0.72987012987013,20.1,504,7393.87636363636,0.196708661199286,0.326133909287257,0.249503968253968
"394","E","HHAL","541",0.528888888888889,34.3,44,798.199111111111,0.0209185009468692,0.632829373650108,0.0213293650793651
"395","E","HHAL","543",0.559242424242424,19.9,27,300.480954545454,0.00765315287822078,0.321814254859611,0.0128968253968254
"396","E","HHAL","544",0.75,44,2,66,0.00140368932845361,0.842332613390929,0.000496031746031746
"397","E","HHAL","545",0.869166666666667,16.4545454545455,147,2102.35613636364,0.0556773230793016,0.247398389946986,0.0724206349206349
"398","E","LPED","321",0.275299283809922,2.1,283,163.610364368237,0.111594686682253,0.523809523809524,0.165664662658651
"399","E","LPED","322",0.189067261241174,1.6,524,158.513991824601,0.107984306178204,0.285714285714286,0.326653306613226
"400","E","LPED","323",0.307864096948108,2.6,491,393.019306163955,0.274112941347102,0.761904761904762,0.304609218436874
"401","E","LPED","324",0.323731361231361,2.6,122,102.687587782588,0.068435674472289,0.761904761904762,0.0581162324649299
"402","E","LPED","325",0.288454106280193,2.4,608,420.912231884058,0.293872893030084,0.666666666666667,0.382765531062124
"403","E","LPED","326",0.419020467836257,1.8,331,249.652394736842,0.172548721402388,0.380952380952381,0.197728790915164
"404","E","LPED","327",0.360748548278391,2,329,237.372544767181,0.163849410168074,0.476190476190476,0.196392785571142
"405","E","LPED","328",0.392618075387452,1.7,312,208.244627185504,0.14321456354727,0.333333333333333,0.185036740146961
"406","E","LPED","329",0.355288656070985,2,321,228.095317197572,0.157277221564877,0.476190476190476,0.191048764195057
"407","E","LPED","330",0.343306645668549,1.7,390,227.612306078248,0.156935046044246,0.333333333333333,0.237140948563794
"408","E","LPED","331",0.288789186290283,3.1,263,235.449823582468,0.162487312907607,1,0.152304609218437
"409","E","LPED","332",0.343722943722944,2.3,254,200.802943722944,0.137942714077773,0.619047619047619,0.146292585170341
"410","E","LPED","333",0.351512901699603,2.2,728,562.983063362085,0.394518941914931,0.571428571428572,0.462925851703407
"411","E","LPED","334",0.268595146871009,2.1,358,201.929831417625,0.138741025686332,0.523809523809524,0.215764863059452
"412","E","LPED","335",0.296323008608478,1.9,148,83.3260300207039,0.0547195283167656,0.428571428571428,0.0754843019372077
"413","E","ROFF","76",0.882395382395382,3.11111111111111,1443,3961.367003367,0.119172357574626,0.811965811965812,0.113155931360358
"414","E","ROFF","77",0.655357142857143,1.66666666666667,349,381.199404761905,0.00933764294370779,0.256410256410256,0.0224653900356462
"415","E","ROFF","78",0.791861471861472,1.88888888888889,1475,2206.21404521405,0.0653266313668775,0.341880341880342,0.115808671143165
"416","E","ROFF","79",0.86547619047619,1.8,1011,1574.99357142857,0.045961638332911,0.307692307692308,0.0773439442924646
"417","E","ROFF","80",0.691190476190476,1.5,1441,1494.00821428571,0.0434771167718158,0.192307692307692,0.112990135123933
"418","E","ROFF","81",0.725,2.11111111111111,3146,4815.12777777778,0.145364586971097,0.427350427350427,0.254331426676614
"419","E","ROFF","82",0.748095238095238,2.16666666666667,664,1076.25968253968,0.0306611550861988,0.448717948717949,0.0485782972726519
"420","E","ROFF","83",0.7,1,229,160.3,0.00256074705380125,0,0.0125176158501202
"421","E","ROFF","84",0.898484848484848,2,748,1344.13333333333,0.0388791575069587,0.384615384615385,0.0555417392025201
"422","E","ROFF","85",0.776330532212885,1.88888888888889,1218,1786.07777777778,0.052437417169771,0.341880341880342,0.0945038547624969
"423","E","ROFF","86",0.857272727272727,2.6,946,2108.548,0.062330368787049,0.615384615384615,0.071955566608638
"424","E","ROFF","87",0.811666666666667,2,383,621.736666666667,0.016717001812188,0.384615384615385,0.0252839260548786
"425","E","ROFF","88",0.842261904761905,2.1,1287,2276.38125,0.067479266600244,0.423076923076923,0.100223824919174
"426","E","ROFF","89",0.714761904761905,2.5,889,1588.55833333333,0.0463777869381959,0.576923076923077,0.0672303738705131
"427","E","ROFF","90",0.742857142857143,2.75,2264,4625.02857142857,0.139532599639257,0.673076923076923,0.181215286412998
"428","E","SGEN","351",0.224040404040404,1,132,29.5733333333333,0.0367979168100682,0,0.0995065789473684
"429","E","SGEN","352",0.2311004784689,3.27,348,262.983100478469,0.341660429614046,0.869731800766283,0.277138157894737
"430","E","SGEN","353",0.163281761716544,1.395,584,133.022385635234,0.171915390331805,0.151340996168582,0.471217105263158
"431","E","SGEN","354",0.146181818181818,3.61,279,147.232865454545,0.190476064286686,1,0.220394736842105
"432","E","SGEN","355",0.0366666666666667,1,49,1.79666666666667,0.000518096557075025,0,0.03125
"433","E","SGEN","357",0.048859649122807,1.6,399,31.192,0.0389120990631407,0.229885057471264,0.319078947368421
"434","E","SGEN","358",0.177836990595611,1.935,148,50.9289573667712,0.0646910477829576,0.35823754789272,0.112664473684211
"435","E","SGEN","359",0.298679653679654,2.0825,196,121.912074242424,0.157403926262949,0.414750957854406,0.152138157894737
"436","E","SGEN","360",0.149300038714673,2.58,130,50.0752329849013,0.0635759763637867,0.60536398467433,0.0978618421052632
"437","E","TMAS","601",0.045692484719297,1,766,35.0004432949815,0.0727999554905454,0,0.258392675483215
"438","E","TMAS","602",0.0624515281017579,1.4,720,62.951140326572,0.130936633437172,0.571428571428571,0.242794167514412
"439","E","TMAS","603",0.0139689578713969,1.5,177,3.70875831485588,0.0077141148748082,0.714285714285714,0.0586639538826721
"440","E","TMAS","604",0.0388779435219064,1.2,60,2.79921193357726,0.0058222835195418,0.285714285714286,0.018989487962021
"441","E","TMAS","605",0.00176991150442478,1,2953,5.22654867256637,0.0108710769039476,0,1
"442","E","TMAS","606",0.00646675358539765,1,145,0.93767926988266,0.00195034698665238,0,0.0478128179043744
"443","E","TMAS","607",0.0163459931880984,1,334,5.45956172482488,0.0113557376178183,0,0.111902339776195
"444","E","TMAS","608",0.00192307692307692,1,220,0.423076923076923,0.000879988316419213,0,0.0732451678535097
"445","E","TMAS","609",0.0347537316287316,1.125,1555,60.7973092680124,0.126456724314999,0.178571428571429,0.525940996948118
"446","F","CLIB","426",0.672380952380952,16.2,7,76.248,0.00506784131849963,0.744186046511628,0.00364077669902913
"447","F","CLIB","427",0.811341991341991,14.6,219,2594.18488311688,0.236655946103144,0.62015503875969,0.260922330097087
"448","F","CLIB","428",0.904444444444444,17.1,125,1933.25,0.17586623449702,0.813953488372093,0.146844660194175
"449","F","CLIB","429",0.566337054758107,16.3,92,849.279047315258,0.0761676359113727,0.751937984496124,0.106796116504854
"450","F","CLIB","430",0.708730158730159,16.2,828,9506.62285714286,0.872429789593792,0.744186046511628,1
"451","F","CLIB","431",0.76030303030303,14.4,51,558.366545454546,0.0494108591963488,0.604651162790698,0.0570388349514563
"452","F","CLIB","432",0.828939393939394,13.2,236,2582.312,0.235563933623481,0.511627906976744,0.281553398058252
"453","F","CLIB","433",0.541795665634675,15.6,258,2180.61919504644,0.1986181006963,0.697674418604651,0.308252427184466
"454","F","CLIB","434",0.821969696969697,13.8,37,419.697727272727,0.0366567472840197,0.558139534883721,0.0400485436893204
"455","F","CLIB","435",0.8,16.6,211,2802.08,0.25577717048163,0.775193798449613,0.25121359223301
"456","F","CLIB","561",0.697142857142857,14.1,27,265.402285714286,0.0224653713496093,0.581395348837209,0.0279126213592233
"457","F","CLIB","562",0.741428571428571,15.9,6,70.7322857142857,0.00456053161326948,0.72093023255814,0.00242718446601942
"458","F","CLIB","563",0.720714285714286,14.8,7,74.666,0.00492233632819353,0.635658914728682,0.00364077669902913
"459","F","CLIB","564",0.866388888888889,18.6,676,10893.6273333333,1,0.930232558139535,0.815533980582524
"460","F","CLIB","565",0.853846153846154,17,254,3686.90769230769,0.337159499679989,0.806201550387597,0.303398058252427
"461","F","HCOM","196",0.176400984636279,3.9,217,149.288153297683,0.0450793586972894,0.590909090909091,0.111359820928931
"462","F","HCOM","197",0.483333333333333,4.1,107,212.038333333333,0.0642422920752327,0.63903743315508,0.0498041410184667
"463","F","HCOM","198",0.41978021978022,2.5,915,960.247252747253,0.292733711022015,0.254010695187166,0.501958589815333
"464","F","HCOM","199",0.355833333333333,3.8,172,232.572666666667,0.0705131595277816,0.566844919786096,0.0861779518746503
"465","F","HCOM","200",0.500833333333333,2.9,724,1051.54966666667,0.320616054533844,0.350267379679144,0.395075545607163
"466","F","HCOM","201",0.324122807017544,5.6,1805,3276.23333333333,1,1,1
"467","F","HCOM","202",0.341266968325792,2.9,321,317.68542081448,0.096505276784197,0.350267379679144,0.169557918298825
"468","F","HCOM","203",0.362323232323232,3.88888888888889,229,322.668967452301,0.0980271747636479,0.588235294117647,0.118074986010073
"469","F","HCOM","204",0.122142857142857,3.375,86,35.4519642857143,0.010315549178401,0.464572192513369,0.0380526021264689
"470","F","HCOM","205",0.457564365459102,3.3,804,1214.00977443609,0.370228855963103,0.446524064171123,0.439843312814773
"471","F","HCOM","206",0.371666666666667,2.1,172,134.246,0.0404857179883617,0.157754010695187,0.0861779518746503
"472","F","HCOM","207",0.0866666666666667,3,262,68.12,0.0202918614634887,0.374331550802139,0.136541689983212
"473","F","HCOM","208",0.386519607843137,2.8,567,613.638529411765,0.186884773700746,0.32620320855615,0.307218802462227
"474","F","HCOM","209",0.158874458874459,3.5,102,56.7181818181818,0.0168099227330903,0.494652406417112,0.047006155567991
"475","F","HCOM","210",0.236280193236715,2.3,410,222.812222222222,0.067532470922239,0.205882352941176,0.219362059317292
"476","F","HHAL","546",0.555079365079365,43.3333333333333,643,15466.3613756614,0.411859187759056,0.827933765298776,0.318452380952381
"477","F","HHAL","547",0.666666666666667,10,2,13.3333333333333,0,0.107991360691145,0.000496031746031746
"478","F","HHAL","548",0.858728070175439,15.1428571428571,387,5032.39184210526,0.1337695987528,0.219068188830608,0.191468253968254
"479","F","HHAL","549",0.392286224312086,21.7333333333333,215,1833.02276413561,0.0484989614262718,0.361411087113031,0.106150793650794
"480","F","HHAL","550",0.464857142857143,18.7692307692308,333,2905.42865934066,0.0770810761896275,0.297391593287922,0.16468253968254
"481","F","HHAL","551",0.706709956709957,35.1,16,396.888311688312,0.0102226334808634,0.650107991360691,0.00744047619047619
"482","F","HHAL","552",0.517799043062201,27.3,61,862.290746411483,0.022626692298406,0.481641468682505,0.0297619047619048
"483","F","HHAL","553",0.777777777777778,27.6,7,150.266666666667,0.00364959225397939,0.488120950323974,0.00297619047619048
"484","F","HHAL","554",0.719600301659125,26.2,214,4034.65497134238,0.107177587396574,0.457883369330454,0.105654761904762
"485","F","HHAL","555",0.750215484363082,25.4285714285714,134,2556.30567614689,0.0677761355726595,0.441221845109534,0.0659722222222222
"486","F","HHAL","556",0.862353328683252,18.3,229,3613.8640945129,0.0959625304981656,0.287257019438445,0.113095238095238
"487","F","HHAL","557",0.575681050452218,34.6666666666667,15,299.354146235153,0.00762312081239072,0.640748740100792,0.00694444444444444
"488","F","HHAL","558",0.676589058000823,27.1,746,13678.3303499794,0.36420399656234,0.47732181425486,0.369543650793651
"489","F","HHAL","559",0.740363590134757,24.4,226,4082.6609814391,0.10845705937267,0.419006479481641,0.111607142857143
"490","F","HHAL","560",0.672530345471522,17.5,859,10109.8124183007,0.269094682528931,0.269978401727862,0.425595238095238
"491","F","LPED","336",0.262351992834751,2,252,132.225404388715,0.0893609024248803,0.476190476190476,0.144956579826319
"492","F","LPED","337",0.272415535129008,2.1,540,308.919216836295,0.214534619649162,0.523809523809524,0.337341349365397
"493","F","LPED","338",0.0740583403142484,2.2,65,10.5903426649375,0.00319199469763822,0.571428571428572,0.0200400801603206
"494","F","LPED","339",0.31904347826087,2,331,211.206782608696,0.145313018496998,0.476190476190476,0.197728790915164
"495","F","LPED","340",0.343649478151582,1.9,107,69.8639389082166,0.0451826918943701,0.428571428571428,0.0480961923847695
"496","F","LPED","341",0.250326546058253,1.9,106,50.4157663761322,0.0314051859628458,0.428571428571428,0.0474281897127589
"497","F","LPED","342",0.0894648829431438,1.2,140,15.0301003344482,0.00633721502748159,0.0952380952380952,0.0701402805611222
"498","F","LPED","343",0.13324596173674,2.4,78,24.9436440371177,0.0133601837378129,0.666666666666667,0.0287241148964596
"499","F","LPED","344",0.11085299569523,1.8,128,25.540530208181,0.0137830308073102,0.380952380952381,0.062124248496994
"500","F","LPED","345",0.0183823529411765,1,331,6.08455882352941,0,0,0.197728790915164
"501","F","LPED","346",0.187224048662728,1.6,718,215.082987103742,0.148059005572863,0.285714285714286,0.4562458249833
"502","F","LPED","347",0.18668946301925,2,231,86.2505319148936,0.0567913086924015,0.476190476190476,0.130928523714095
"503","F","LPED","348",0.279848534205717,2.9,79,64.1132991865298,0.0411088143747784,0.904761904761905,0.0293921175684703
"504","F","LPED","349",0.179243977661082,1.6,253,72.557962157206,0.0470911962143201,0.285714285714286,0.14562458249833
"505","F","LPED","350",0.266450216450216,2.3,396,242.682857142857,0.167611350274962,0.619047619047619,0.241148964595858
"506","F","ROFF","100",0.756666666666667,2.9,1579,3464.85233333333,0.103939956970123,0.730769230769231,0.124430075437288
"507","F","ROFF","101",0.832738095238095,3,2728,6815.12857142857,0.206721914633029,0.769230769230769,0.219680013263699
"508","F","ROFF","102",0.963492063492064,2.8,12111,32672.7866666667,1,0.692307692307692,0.997513056453619
"509","F","ROFF","103",0.71712775528565,2.2,4249,6703.5668308592,0.203299350855864,0.461538461538462,0.345768051065241
"510","F","ROFF","104",0.611666666666667,1.33333333333333,1642,1339.14222222222,0.0387260369478,0.128205128205128,0.129652656884689
"511","F","ROFF","105",0.314880952380952,1.75,184,101.391666666667,0.000753518815779503,0.288461538461538,0.00878720053054796
"512","F","ROFF","91",0.801388888888889,2.8,3598,8073.51222222222,0.245327428306462,0.692307692307692,0.291801376108762
"513","F","ROFF","92",0.691666666666667,2.3,1178,1874.00166666667,0.055134803529313,0.5,0.0911879300339882
"514","F","ROFF","93",0.853333333333333,3,6470,16563.2,0.505779602316729,0.769230769230769,0.529884771615684
"515","F","ROFF","94",0.868333333333333,2.3,922,1841.38766666667,0.0541342499841749,0.5,0.0699660117715328
"516","F","ROFF","95",0.815,2.83333333333333,2308,5329.55666666667,0.161146571655564,0.705128205128205,0.184862803614358
"517","F","ROFF","96",0.776277056277056,3.4,2747,7250.27245021645,0.220071542110993,0.923076923076923,0.221255077509741
"518","F","ROFF","97",0.759444444444444,2.9,1987,4376.14672222222,0.131897240083731,0.730769230769231,0.158252507668076
"519","F","ROFF","98",0.804642857142857,2.8,4667,10514.751,0.320221342381218,0.692307692307692,0.380419464478156
"520","F","ROFF","99",0.929166666666667,2.5,1915,4448.38541666667,0.134113425826741,0.576923076923077,0.15228384315676
"521","F","SGEN","211",0.176159951159951,2.335,687,282.58610485348,0.367264418878802,0.511494252873563,0.555921052631579
"522","F","SGEN","213",0.15952380952381,1.75,138,38.525,0.0484899193648999,0.28735632183908,0.104440789473684
"523","F","SGEN","215",0.137402597402597,2.46666666666667,273,92.5269090909091,0.119023204681232,0.561941251596424,0.215460526315789
"524","F","SGEN","216",0.1120220422852,2.58,476,137.572029689609,0.177857797694381,0.60536398467433,0.382401315789474
"525","F","SGEN","217",0.135953017570665,1.82,142,35.1356978609626,0.0440630644847596,0.314176245210728,0.107730263157895
"526","F","SGEN","219",0.036985236985237,2,444,32.8428904428904,0.0410683696208792,0.383141762452107,0.35608552631579
"527","F","SGEN","220",0.180532048596565,1.68,445,134.965759530792,0.174453681065581,0.260536398467433,0.356907894736842
"528","F","SGEN","225",0.204761904761905,1.5,759,233.121428571429,0.302657330277387,0.191570881226054,0.615131578947368
"529","F","TMAS","611",0.00605722779635823,1.25,288,2.18060200668896,0.00453559195498282,0.357142857142857,0.0963038318073923
"530","F","TMAS","612",0.0853754940711462,1.1,394,37.0017391304348,0.0769625955610299,0.142857142857143,0.132248219735504
"531","F","TMAS","613",0.0372093023255814,1,273,10.1581395348837,0.0211286497080544,0,0.0912173618175653
"532","F","TMAS","614",0.175882792730619,1.1,2485,480.775613929147,1,0.142857142857143,0.841302136317396
"533","F","TMAS","615",0.134034231973394,1.5,562,112.990857553571,0.23501786338569,0.714285714285714,0.189216683621567
"534","F","TMAS","616",0.0410997568473708,1,798,32.7976059642019,0.068218114675499,0,0.269243811461512
"535","F","TMAS","617",0.0268209240332833,1,1103,29.5834792087115,0.0615328197845561,0,0.372668701254663
"536","F","TMAS","618",0.00625,1,51,0.31875,0.00066299119748402,0,0.0159376059681248
"537","F","TMAS","619",0.00540540540540541,1,2563,13.8540540540541,0.0288160498425275,0,0.867751780264496
"538","F","TMAS","620",0.0768707482993197,1.6,295,36.2829931972789,0.075467623868764,0.857142857142857,0.098677517802645
"539","F","TMAS","621",0.00476190476190476,1,755,3.5952380952381,0.00747799595294768,0,0.254662597490675
"540","F","TMAS","622",0.0043010752688172,1,386,1.66021505376344,0.00345320146376665,0,0.129535435740929
"541","F","TMAS","623",0.0107142857142857,1,154,1.65,0.00343195443403493,0,0.0508646998982706
"542","F","TMAS","624",0.004,1,325,1.3,0.00270396409954267,0,0.108850457782299
"543","C","AVEL","436",0.224627686156922,0.224627686156922,43,9.65899050474763,0.127891171581245,0.131395430818791,0.257142857142857
"544","C","AVEL","437",0.283119658119658,0.283119658119658,45,12.7403846153846,0.180818136628698,0.219047047084146,0.271428571428571
"545","D","AVEL","438",0.47152301923115,0.47152301923115,100,47.152301923115,0.771887723694785,0.501373981142175,0.664285714285714
"546","D","AVEL","439",0.386719576719577,0.386719576719577,50,19.3359788359788,0.29410607457066,0.374293998170479,0.307142857142857
"547","D","AVEL","440",0.241576776165011,0.241576776165011,22,5.31468907563025,0.0532721252538787,0.156794046792664,0.107142857142857
"548","D","AVEL","441",0.316171403962102,0.316171403962102,7,2.21319982773471,0,0.268575877217066,0
"549","D","AVEL","442",0.402457727128006,0.402457727128006,26,10.4639009053281,0.141716558113528,0.397877992247561,0.135714285714286
"550","D","AVEL","443",0.399970291146762,0.399970291146762,37,14.7989007724302,0.216175837974808,0.394150510051346,0.214285714285714
"551","D","AVEL","444",0.579346011314859,0.579346011314859,22,12.7456122489269,0.18090792805681,0.662949308654206,0.107142857142857
"552","D","AVEL","445",0.136944444444444,0.136944444444444,36,4.93,0.0466645883634384,0,0.207142857142857
"553","D","AVEL","446",0.721976369495167,0.721976369495167,31,22.3812674543502,0.346412880671041,0.87668430515894,0.171428571428571
"554","D","AVEL","447",0.752923659750672,0.752923659750672,58,43.669572265539,0.712067296888638,0.92305955835875,0.364285714285714
"555","D","AVEL","448",0.641328805294323,0.641328805294323,47,30.1424538488332,0.479721385288988,0.755832005042074,0.285714285714286
"556","D","AVEL","449",0.558562560246771,0.558562560246771,32,17.8740019278967,0.268994713304946,0.631804811100757,0.178571428571429
"557","E","AVEL","450",0.411108429907461,0.411108429907461,147,60.4329391963968,1,0.410841276866065,1
"558","E","AVEL","451",0.666794871794872,0.666794871794872,35,23.3378205128205,0.362842927745165,0.793993513601166,0.2
"559","E","AVEL","452",0.670184569952012,0.670184569952012,20,13.4036913990402,0.192211296248589,0.799073057206129,0.0928571428571429
"560","E","AVEL","453",0.756205543113356,0.756205543113356,62,46.8847436730281,0.767292061587941,0.927977538920543,0.392857142857143
"561","E","AVEL","454",0.804267814565297,0.804267814565297,33,26.5408378806548,0.417858930952462,1,0.185714285714286
"562","E","AVEL","455",0.641417921992773,0.641417921992773,61,39.1264932415592,0.634033985966171,0.755965548542033,0.385714285714286
"563","E","AVEL","456",0.641670707342349,0.641670707342349,30,19.2501212202705,0.292631357977295,0.756344353422687,0.164285714285714
"564","E","AVEL","457",0.214084585627139,0.214084585627139,72,15.414090165154,0.226742518612595,0.115596342997435,0.464285714285714
"565","E","AVEL","458",0.65976430976431,0.65976430976431,33,21.7722222222222,0.335951734009574,0.783458048569739,0.185714285714286
"566","E","AVEL","459",0.553569044970602,0.553569044970602,41,22.6963308437947,0.351824505540219,0.624321909257736,0.242857142857143
"567","F","AVEL","460",0.542688217956863,0.542688217956863,78,42.3296810006353,0.689052915865406,0.608016730238202,0.507142857142857
"568","F","AVEL","461",0.596878306878307,0.596878306878307,39,23.278253968254,0.36181979460832,0.689221872074655,0.228571428571429
"569","F","AVEL","462",0.428316562206505,0.428316562206505,40,17.1326624882602,0.256261240986527,0.436628073896607,0.235714285714286
"570","F","AVEL","463",0.768680351906158,0.768680351906158,18,13.8362463343109,0.199640991742956,0.946671337686414,0.0785714285714286
"571","F","AVEL","464",0.629553253379912,0.629553253379912,50,31.4776626689956,0.502655339213233,0.73818605940064,0.307142857142857
"572","F","AVEL","465",0.782457786116323,0.782457786116323,40,31.2983114446529,0.499574747883083,0.96731715173556,0.235714285714286
"573","F","AVEL","466",0.302031947380785,0.302031947380785,48,14.4975334742777,0.210999461346871,0.247387564002805,0.292857142857143
"574","F","AVEL","467",0.460600697514491,0.460600697514491,46,21.1876320856666,0.325910635528286,0.485006621319783,0.278571428571429
"575","F","AVEL","468",0.575590081947114,0.575590081947114,29,16.6921123764663,0.248694217901723,0.657320958837737,0.157142857142857
