"","Plot","Plant_sp","Plant_id","Mean_N_seeds","Mean_fruit_set","N_flowers","N_seeds_plant","N_seeds_sc"
"1","A","CLIB","366",14.5,0.624957264957265,442,4005.35111111111,0.366448441883551
"2","A","CLIB","367",16,0.78,201,2508.48,0.228773210207374
"3","A","CLIB","368",16.8,0.873636363636364,71,1042.07345454545,0.093899967362132
"4","A","CLIB","369",15.6,0.761904761904762,409,4861.25714285714,0.445170691474034
"5","A","CLIB","370",17.9,0.773076923076923,212,2933.67230769231,0.26788041792482
"6","A","CLIB","371",9.2,1.14285714285714,630,6624,0.607299567795607
"7","A","CLIB","372",16.2,0.92,33,491.832,0.0432913216543862
"8","A","CLIB","373",12.7,0.863095238095238,159,1742.84821428571,0.158353965227347
"9","A","CLIB","374",10.7,0.775277777777778,153,1269.20725,0.11479067577288
"10","A","CLIB","375",16,0.854191919191919,252,3444.10181818182,0.314827346480905
"11","A","CLIB","376",17.8,0.783333333333333,345,4810.45,0.440497687157403
"12","A","CLIB","377",16.6,0.941666666666667,29,453.318333333333,0.0397490140090095
"13","A","CLIB","378",15.3,0.998888888888889,14,213.962,0.0177341335024535
"14","A","CLIB","379",13,0.77,40,400.4,0.034881832227289
"15","A","CLIB","380",13.3,0.576915113871636,8,61.383768115942,0.00370069851432924
"16","A","HCOM","106",3.4,0.477961812744421,827,1343.93302507476,0.409905405015556
"17","A","HCOM","107",2.4,0.321428571428571,506,390.342857142857,0.118693732832958
"18","A","HCOM","108",2,0.208419913419913,116,48.3534199134199,0.0142554539648375
"19","A","HCOM","109",2.4,0.293030303030303,190,133.621818181818,0.0402951025257328
"20","A","HCOM","110",2.7,0.326776878092668,377,332.626184210526,0.101067954587056
"21","A","HCOM","111",3.9,0.378205128205128,170,250.75,0.0760642356754107
"22","A","HCOM","112",3.5,0.184275592828224,193,124.478162955466,0.0375027717972165
"23","A","HCOM","113",3.2,0.351701680672269,1066,1199.72477310924,0.365866437742555
"24","A","HCOM","114",3.3,0.506230158730159,253,422.65155952381,0.128560310281855
"25","A","HCOM","115",2.9,0.28167701863354,601,490.934875776398,0.149412977787031
"26","A","HCOM","116",2.8,0.191098901098901,323,172.829846153846,0.0522686271830588
"27","A","HCOM","117",3.7,0.380165501165501,1403,1973.47713310023,0.602158427934611
"28","A","HCOM","118",3.7,0.382636528625639,481,680.97822999505,0.207449275591179
"29","A","HCOM","119",2.4,0.33250773993808,183,146.037399380805,0.0440866287847724
"30","A","HCOM","120",3.5,0.467320914379738,240,392.54956807898,0.1193676281848
"31","A","HHAL","471",19.1,0.561169116065668,885,9485.72215341602,0.252726777740766
"32","A","HHAL","472",21.6,0.629332770428746,2017,27418.2666758233,0.730501070571884
"33","A","HHAL","473",20.6,0.43338028250819,540,4820.9222626211,0.128443162203754
"34","A","HHAL","474",25.9,0.472222222222222,7,85.6138888888889,0.00228099894966383
"35","A","HHAL","475",20.5384615384615,0.78537037037037,29,467.778675213675,0.0124629622679832
"36","A","HHAL","476",40.4,0.468075927523727,488,9228.21052631579,0.245865931229003
"37","A","HHAL","477",18.4,0.0956908175456563,687,1209.60848643113,0.0322274308860644
"38","A","HHAL","478",10,0.903225806451613,3,27.0967741935484,0.000721935591022818
"39","A","HHAL","479",24.6,0.443477855477855,246,2683.75059020979,0.0715027941946776
"40","A","HHAL","480",30.1,0.436298701298701,45,590.966590909091,0.0157450407947185
"41","A","HHAL","481",9.25,0.361111111111111,7,23.3819444444444,0.000622961898017433
"42","A","HHAL","482",34.2,0.680328695301472,85,1977.71551724138,0.0526919998157789
"43","A","HHAL","483",1.25,0.256578947368421,22,7.05592105263158,0.000187989924518571
"44","A","HHAL","484",22.2,0.591089752854459,65,852.942513368984,0.0227248289076468
"45","A","HHAL","485",12,0.544444444444445,2,13.0666666666667,0.000348133385004337
"46","A","LPED","261",2.2,0.218045618247299,874,419.258114765906,0.295434365383934
"47","A","LPED","262",2.4,0.298112981397193,697,498.683395281224,0.351483514945073
"48","A","LPED","263",2.4,0.28789287758114,655,452.567603557552,0.318940338632942
"49","A","LPED","264",2,0.268719950850681,649,348.798496204184,0.245712140002242
"50","A","LPED","265",2.4,0.181165322773686,816,354.794168119986,0.249943189735375
"51","A","LPED","266",1.8,0.223672115795127,346,139.302993717205,0.097874516073247
"52","A","LPED","267",2.9,0.358936629812319,404,420.530155488113,0.296332024167438
"53","A","LPED","268",2.4,0.348148866059314,483,403.574165535957,0.284366453374115
"54","A","LPED","269",1.8,0.174936428263551,103,32.4332138000624,0.0224582224287229
"55","A","LPED","270",2,0.397695299438608,43,34.2017957517203,0.0237062824126028
"56","A","LPED","271",2.4,0.302917082917083,860,625.220859140859,0.440778978441585
"57","A","LPED","273",1.8,0.385605345031575,115,79.8203064215359,0.0558985354421124
"58","A","LPED","274",2,0.399611617696724,505,403.607733873691,0.284390142012921
"59","A","LPED","275",2.2,0.420624649938466,1532,1417.67332015261,1
"60","A","ROFF","236",2.66666666666667,0.347863247863248,102,94.6188034188034,0.00109950480669583
"61","A","ROFF","237",0.666666666666667,0.679133986928105,2302,1042.244291939,0.0301552691981759
"62","A","ROFF","238",1,0.573928571428571,111,63.7060714285714,0.000151669329193251
"63","A","ROFF","239",1.16666666666667,0.803809523809524,514,482.017777777778,0.0129777979307579
"64","A","ROFF","240",1,0.790178571428571,1019,805.191964285714,0.0228868528626238
"65","A","SGEN","241",2,0.295733454717901,430,254.330771057395,0.342419393688536
"66","A","SGEN","243",1,0.39485776558566,262,103.452734583443,0.139284061083939
"67","A","SGEN","244",0,0.504012909511631,75,0,0
"68","A","SGEN","247",0,0.410109964410167,391,0,0
"69","A","SGEN","248",0.5,0.504615876450915,73,18.4184794904584,0.0247978038739333
"70","A","SGEN","Y",0,0.354117647058824,367,0,0
"71","A","TMAS","566",1.16666666666667,0.0183605907423927,91,1.94928271715069,0.00405445422079574
"72","A","TMAS","567",1.3,0.0238061809030239,131,4.05419260778497,0.00843260866467835
"73","A","TMAS","568",1,0.00307692307692308,114,0.350769230769231,0.000729590313249384
"74","A","TMAS","570",1.33333333333333,0.00990860990860991,302,3.98986692320026,0.00829881301714329
"75","A","TMAS","572",1,0.0032258064516129,2102,6.78064516129032,0.0141035546829744
"76","A","TMAS","572_1",1.7,0.233226805873865,378,149.871545454545,0.31172867573236
"77","A","TMAS","574",1.5,0.0258306567983987,217,8.40787878787879,0.0174881556890235
"78","A","TMAS","575",1.5,0.00666666666666667,151,1.51,0.00314075830023803
"79","B","CLIB","381",12.4,0.901282051282051,259,2894.55743589744,0.264282814232445
"80","B","CLIB","382",15.1,0.8375,554,7006.0225,0.642436217706614
"81","B","CLIB","383",15.9,0.973333333333333,73,1129.748,0.101963863624114
"82","B","CLIB","384",10,0.75,90,675,0.0601382610124069
"83","B","CLIB","385",11.3,0.826272577996716,292,2726.36899835796,0.248813625247755
"84","B","CLIB","386",12.8,0.77,674,6642.944,0.609041948665619
"85","B","CLIB","387",19.5,0.868997668997669,76,1287.85454545455,0.116505767140989
"86","B","CLIB","388",14,0.604882677708765,30,254.050724637681,0.0214213076426494
"87","B","CLIB","389",9.8,0.930555555555556,233,2124.83055555556,0.193486921525433
"88","B","CLIB","390",15.9,0.941666666666667,185,2769.9125,0.252818553682849
"89","B","CLIB","391",13,0.67308972073678,563,4926.34366607249,0.451157046675998
"90","B","CLIB","392",14,0.857857142857143,32,384.32,0.0334028687354292
"91","B","CLIB","393",16.3,0.814011914011914,302,4007.05504791505,0.366605162053045
"92","B","CLIB","394",12.6,0.890659340659341,7,78.5561538461538,0.00528013455681165
"93","B","CLIB","395",11.9,0.783939393939394,54,503.759454545455,0.0443883533598305
"94","B","HCOM","121",3.1,0.102370049378163,521,165.337866750671,0.0499806926768885
"95","B","HCOM","122",2.8,0.181203007518797,544,276.008421052632,0.0837777663710777
"96","B","HCOM","123",2.3,0.213100415923945,472,231.341811527035,0.0701372754263295
"97","B","HCOM","124",1.9,0.244047619047619,187,86.710119047619,0.0259689959768107
"98","B","HCOM","125",2.4,0.28192007797271,264,178.624561403509,0.054038243496675
"99","B","HCOM","126",2,0.399555130859479,882,704.81525083612,0.214728732670769
"100","B","HCOM","127",3.5,0.338474025974026,387,458.463068181818,0.139496590531364
"101","B","HCOM","128",2.7,0.251578947368421,659,447.634421052632,0.136189689365631
"102","B","HCOM","129",2.8,0.217186147186147,79,48.0415757575758,0.014160221588144
"103","B","HCOM","130",3.6,0.355304695304695,139,177.79446953047,0.0537847462915421
"104","B","HCOM","131",1.44444444444444,0.0631818181818182,188,17.1573737373737,0.00472866449288416
"105","B","HCOM","132",2.8,0.428388746803069,1054,1264.26086956522,0.385574762342671
"106","B","HCOM","133",2.5,0.136935064935065,929,318.031688311688,0.0966110215163425
"107","B","HCOM","134",2.7,0.267316017316017,219,158.063961038961,0.047759354499504
"108","B","HCOM","135",3.2,0.301212121212121,320,308.441212121212,0.0936822385838245
"109","B","HHAL","486",33.9,0.604699248120301,535,10967.1279135338,0.292195665636282
"110","B","HHAL","487",30.2,0.627505173189384,217,4112.29240197931,0.109563235257296
"111","B","HHAL","488",14.4,0.427267526523819,921,5666.5928437695,0.150974246031339
"112","B","HHAL","489",31.5,0.428560606060606,245,3307.41647727273,0.0881190377948015
"113","B","HHAL","490",25.2857142857143,0.535714285714286,1,13.5459183673469,0.000360902021496192
"114","B","HHAL","491",41.2,0.482205513784461,48,953.60962406015,0.0254068887548551
"115","B","HHAL","492",37.8,0.839285714285714,4,126.9,0.00338097907324365
"116","B","HHAL","493",30.6,0.527958785853523,944,15250.8286716792,0.406325709917822
"117","B","HHAL","494",32.1,0.89292970187707,417,11952.4891104159,0.318448507135451
"118","B","HHAL","495",30.4,0.554024844720497,201,3385.31341118012,0.0901944349847996
"119","B","HHAL","496",19,0.364255404725993,351,2429.21929411765,0.0647213522279864
"120","B","HHAL","497",17.4,0.58026418026418,199,2009.22275058275,0.0535314426572523
"121","B","HHAL","498",26.5,0.759764170920358,90,1812.03754764505,0.0482778646849461
"122","B","HHAL","499",23.1,0.889219348659004,99,2033.55572844828,0.0541797428066065
"123","B","HHAL","500",25.2631578947368,0.663509102076108,107,1793.56986750678,0.0477858328482334
"124","B","LPED","276",1.7,0.181152841686357,212,65.2874841437632,0.0456429553030503
"125","B","LPED","277",2.1,0.265594965675057,35,19.5212299771167,0.0133464420518981
"126","B","LPED","278",1.7,0.237508961345341,112,45.2217062401529,0.0314828569126753
"127","B","LPED","279",2.9,0.341156270200388,110,108.828850193924,0.0763694006112424
"128","B","LPED","280",2.2,0.325689518876925,186,133.272151124438,0.0936186469561524
"129","B","LPED","281",2.5,0.276128481581312,119,82.1482232704403,0.0575413091129586
"130","B","LPED","282",2.2,0.289656494176618,98,62.4499401444789,0.0436405459068188
"131","B","LPED","284",2,0.392061212814645,346,271.306359267735,0.191027178932125
"132","B","LPED","285",1.9,0.227895329924399,150,64.9501690284538,0.0454049174236177
"133","B","LPED","286",2,0.267084351223007,83,44.3360023030191,0.0308578298165515
"134","B","LPED","287",2.1,0.17103473683783,378,135.76737410187,0.0953794858848044
"135","B","LPED","288",2.7,0.250291912386816,187,126.372386564103,0.0887495935103262
"136","B","LPED","289",2.2,0.347085464444811,237,180.970361161524,0.127278510551493
"137","B","LPED","290",2.2,0.22594484482046,85,42.2516859814261,0.0293869611399321
"138","B","ROFF","16",3,0.874761904761905,12141,31861.4528571429,0.975123163846955
"139","B","ROFF","17",1,0.912380952380952,1742,1589.36761904762,0.0469309750842382
"140","B","ROFF","18",1,0.724285714285714,971,703.281428571429,0.0197621073269715
"141","B","ROFF","19",2,0.866944444444444,1008,1747.76,0.0517875473884981
"142","B","ROFF","20",2.8,0.658412698412698,2911,5366.59022222222,0.162746865793762
"143","B","ROFF","21",2.9,0.782011278195489,2880,6531.35819548872,0.198460577816033
"144","B","ROFF","22",1.75,0.647002923976608,1884,2133.16864035088,0.0636048135808237
"145","B","ROFF","23",3.6,0.623571428571429,1702,3820.74685714286,0.115348752144436
"146","B","ROFF","24",2.6,0.752857142857143,2967,5807.69057142857,0.176271731866702
"147","B","ROFF","25",3,0.583928571428571,214,374.882142857143,0.00969284221365633
"148","B","ROFF","26",3,0.7475,2940,6592.95,0.200349084385353
"149","B","ROFF","27",2.77777777777778,0.822380952380952,2943,6722.96428571429,0.204335537365992
"150","B","ROFF","28",3.1,0.697619047619048,2825,6109.39880952381,0.185522605325955
"151","B","ROFF","29",2.5,0.819404761904762,1366,2798.26726190476,0.0839978370685579
"152","B","ROFF","30",2,0.857309941520468,3190,5469.63742690058,0.165906463479353
"153","B","SGEN","226",0,0.471965977398915,223,0,0
"154","B","SGEN","227",0.666666666666667,0.297326264717569,125,24.7771887264641,0.0333588810577217
"155","B","SGEN","228",0,0.251659438184905,43,0,0
"156","B","SGEN","229",2,0.404466645618695,55,44.4913310180565,0.0599011064538504
"157","B","SGEN","230",0,0.155327711504182,115,0,0
"158","B","SGEN","231",0,0.188285164083351,236,0,0
"159","B","SGEN","233",0.4,0.450571884256095,140,25.2320255183413,0.0339712526471063
"160","B","SGEN","234",0.5,0.430856565437846,533,114.823274689186,0.154592839619593
"161","B","SGEN","235",0,0.269127314707682,187,0,0
"162","B","TMAS","578",1.5,0.0259910489716783,250,9.74664336437935,0.020272749037175
"163","B","TMAS","582",1.16666666666667,0.0136577491682907,727,11.5840475862386,0.0240944990773716
"164","B","TMAS","583",1,0.00158730158730159,34,0.053968253968254,0.000112252477880892
"165","B","TMAS","584",1,0.0758715681028966,159,12.0635793283606,0.0250919118583631
"166","B","TMAS","585",1.33333333333333,0.0458069062720226,78,4.76391825229035,0.0099088184056532
"167","C","AVEL","436",0.224627686156922,0.224627686156922,43,9.65899050474763,0.127891171581245
"168","C","AVEL","437",0.283119658119658,0.283119658119658,45,12.7403846153846,0.180818136628698
"169","C","CLIB","469",11.8,0.696666666666667,21,172.634,0.0139329765875542
"170","C","CLIB","470",6.6,0.264935064935065,17,29.7257142857143,0.000788938201005942
"171","C","HCOM","136",2.8,0.481701982228298,166,223.895081339713,0.0678631593300553
"172","C","HCOM","137",2.6,0.214131920710868,643,357.985745044429,0.108812371805905
"173","C","HCOM","138",2.3,0.172785888575362,244,96.9674406684933,0.0291014231785379
"174","C","HCOM","139",2.9,0.0921522921522921,179,47.8362548562549,0.0140975197640078
"175","C","HCOM","140",1.66666666666667,0.0557692307692308,18,1.67307692307692,0
"176","C","HCOM","141",2.10526315789474,0.153766233766234,151,48.8814764183185,0.0144167142451652
"177","C","HCOM","142",3,0.192077922077922,390,224.731168831169,0.0681184875042183
"178","C","HCOM","143",2.9,0.0704970760233918,585,119.598289473684,0.0360125339943761
"179","C","HCOM","144",2,0.119941520467836,133,31.9044444444444,0.00923219154760912
"180","C","HCOM","145",2,0.15008658008658,480,144.083116883117,0.0434898211695018
"181","C","HCOM","146",2,0.215604575163399,346,149.198366013072,0.0450519390508086
"182","C","HCOM","147",3.5,0.2618786818243,491,450.03851471506,0.136923862345873
"183","C","HCOM","148",2,0.298095238095238,679,404.813333333333,0.123112792205021
"184","C","HCOM","149",1.9,0.322222222222222,133,81.4255555555555,0.0243551721109287
"185","C","HCOM","150",1.625,0.0702991452991453,127,14.5079861111111,0.00391958253414597
"186","C","HHAL","501",36.7,0.674278846153846,14,346.444471153846,0.00923027192286932
"187","C","HHAL","502",24.1,0.605853174603175,37,540.239275793651,0.0143935199842603
"188","C","HHAL","503",16.8,0.505573416299369,117,993.75510707804,0.0264764792825836
"189","C","HHAL","504",27.9,0.775821985032511,94,2034.67073794626,0.0542094498497835
"190","C","HHAL","505",22.875,0.857792207792208,159,3119.89748376623,0.083122995297708
"191","C","HHAL","506",13,0.706173612035681,371,3405.87533084809,0.0907422633544064
"192","C","HHAL","507",51.3,0.613448561242679,549,17276.9812442704,0.460308211471248
"193","C","HHAL","509",22.1,0.496258741258741,71,778.679590909091,0.0207462521798705
"194","C","HHAL","510",17.2,0.8,5,68.8,0.00183302884349222
"195","C","HHAL","511",35.5,0.650311942959002,273,6302.49819518717,0.167916583980171
"196","C","HHAL","512",44.1,0.67131299734748,21,621.702966843501,0.0165639457893725
"197","C","HHAL","513",32.4,0.651575630252101,127,2681.10340336134,0.071432265563176
"198","C","HHAL","514",36.6,0.756581196581197,14,387.672205128205,0.0103286967125034
"199","C","HHAL","515",26,0.679347319347319,336,5934.77818181818,0.158119470741294
"200","C","LPED","291",2.7,0.25647909415041,383,265.225031260939,0.186735683066177
"201","C","LPED","292",2.2,0.244517267722136,47,25.2830854824688,0.0174124912855154
"202","C","LPED","293",1.9,0.254421534347893,58,28.0372530851378,0.0193560632927766
"203","C","LPED","294",2.5,0.346830595652895,378,327.754912891986,0.230862019981071
"204","C","LPED","295",2,0.288485499797527,76,43.8497959692241,0.0305147217866693
"205","C","LPED","296",3.1,0.465566188197767,86,124.119945773525,0.0871600820861341
"206","C","LPED","297",1.9,0.254891221445843,103,49.8822120369515,0.0347717012798656
"207","C","LPED","298",1.2,0.29184926811598,138,48.3302388000062,0.0336764985999625
"208","C","LPED","299",2.9,0.380802998222353,71,78.4073373339825,0.0549014257662042
"209","C","LPED","300",1.6,0.267382385148343,86,36.7918161964119,0.0255340183970283
"210","C","LPED","301",2.9,0.336267421267421,104,101.418254254254,0.0711398616349262
"211","C","LPED","302",1.8,0.257631175462079,85,39.417569845698,0.0273869707321624
"212","C","LPED","303",2.1,0.200331343453295,137,57.6353275115129,0.0402429508112369
"213","C","LPED","304",1.7,0.21029526029526,142,50.7652758352758,0.0353948652722768
"214","C","LPED","305",2,0.212235772357724,66,28.0151219512195,0.0193404457056948
"215","C","ROFF","31",2.3,0.780833333333333,6113,10978.4385833333,0.334815415823781
"216","C","ROFF","32",2.1,0.907142857142857,2671,5088.255,0.15421264764882
"217","C","ROFF","33",3.4,0.65,1271,2808.91,0.0843241610164905
"218","C","ROFF","34",3.3,0.601266233766234,1701,3375.08775,0.101684107015186
"219","C","ROFF","35",2.9,0.941111111111111,8126,22177.6597777778,0.678202055731488
"220","C","ROFF","36",2.6,0.646547619047619,992,1667.57561904762,0.0493289616823798
"221","C","ROFF","37",2.8,0.679285714285714,1666,3168.732,0.0953568985077514
"222","C","ROFF","38",2.4,0.536868686868687,1083,1395.42909090909,0.040984499131145
"223","C","ROFF","39",1.8,0.801428571428571,701,1011.24257142857,0.0292047051855003
"224","C","ROFF","40",2.5,0.558571428571429,123,171.760714285714,0.00346480334922206
"225","C","ROFF","41",2.7,0.742063492063492,2636,5281.41428571429,0.160135230740696
"226","C","ROFF","42",2,0.619047619047619,2809,3477.80952380952,0.104833726452233
"227","C","ROFF","43",2.33333333333333,0.772857142857143,810,1460.7,0.0429858131303333
"228","C","ROFF","44",2.8,0.479960317460317,1426,1916.38555555556,0.0569578857468043
"229","C","ROFF","45",2.3,0.650555555555556,405,605.9925,0.0167790679082183
"230","C","SGEN","251",3,0.241308121308121,1026,742.746397386397,1
"231","C","SGEN","252",0,0.164103561494866,285,0,0
"232","C","SGEN","254",0,0.228981927049724,1227,0,0
"233","C","SGEN","255",0,0.0783882783882784,389,0,0
"234","C","SGEN","258",0.666666666666667,0.149174406604747,540,53.702786377709,0.0723029913934019
"235","C","SGEN","259",0,0.0307060755336617,173,0,0
"236","C","SGEN","260",0,0.0594547908232119,341,0,0
"237","C","TMAS","586",1,0.0906459803312104,141,12.7810832267007,0.026584300152512
"238","C","TMAS","587",1.1,0.0824191279887482,28,2.53850914205345,0.00528002891267183
"239","C","TMAS","588",1.33333333333333,0.0281957102451289,47,1.76693117536141,0.00367516804964614
"240","C","TMAS","589",1,0.0466365007541478,4,0.186546003016591,0.000388010534669263
"241","D","AVEL","438",0.47152301923115,0.47152301923115,100,47.152301923115,0.771887723694785
"242","D","AVEL","439",0.386719576719577,0.386719576719577,50,19.3359788359788,0.29410607457066
"243","D","AVEL","440",0.241576776165011,0.241576776165011,22,5.31468907563025,0.0532721252538787
"244","D","AVEL","441",0.316171403962102,0.316171403962102,7,2.21319982773471,0
"245","D","AVEL","442",0.402457727128006,0.402457727128006,26,10.4639009053281,0.141716558113528
"246","D","AVEL","443",0.399970291146762,0.399970291146762,37,14.7989007724302,0.216175837974808
"247","D","AVEL","444",0.579346011314859,0.579346011314859,22,12.7456122489269,0.18090792805681
"248","D","AVEL","445",0.136944444444444,0.136944444444444,36,4.93,0.0466645883634384
"249","D","AVEL","446",0.721976369495167,0.721976369495167,31,22.3812674543502,0.346412880671041
"250","D","AVEL","447",0.752923659750672,0.752923659750672,58,43.669572265539,0.712067296888638
"251","D","AVEL","448",0.641328805294323,0.641328805294323,47,30.1424538488332,0.479721385288988
"252","D","AVEL","449",0.558562560246771,0.558562560246771,32,17.8740019278967,0.268994713304946
"253","D","CLIB","396",12.3,0.653333333333333,18,144.648,0.0113589546793957
"254","D","CLIB","397",13.5,0.759308338720103,45,461.279815772463,0.040481274075462
"255","D","CLIB","398",19.4,0.639285714285714,12,148.825714285714,0.011743201377654
"256","D","CLIB","399",15.5,0.833333333333333,121,1562.91666666667,0.141804699682421
"257","D","CLIB","400",15.5,0.788095238095238,33,403.110714285714,0.0351311510995175
"258","D","CLIB","401",12.8,0.885128205128205,32,362.548512820513,0.0314004287664021
"259","D","CLIB","402",15.4,0.821984126984127,94,1189.90422222222,0.107496752708372
"260","D","CLIB","403",15.3,0.658461538461538,27,272.010461538462,0.0230731605779517
"261","D","CLIB","404",10.7,0.783333333333333,62,519.663333333333,0.0458511180430541
"262","D","CLIB","405",11.5,0.74047619047619,29,246.94880952381,0.0207681065745087
"263","D","CLIB","406",13.9,0.691111111111111,69,662.844666666667,0.0590202700776192
"264","D","CLIB","407",14.2,0.682894736842105,17,164.850789473684,0.0132171131411686
"265","D","CLIB","408",13.5,0.623600288600289,82,690.32551948052,0.061547830900807
"266","D","CLIB","409",18.2,0.826984126984127,60,903.066666666666,0.0811147705714961
"267","D","CLIB","410",13.5,0.697647058823529,47,442.657058823529,0.0387684396447872
"268","D","HCOM","151",2.2,0.310882352941176,132,90.2802352941177,0.0270592541998835
"269","D","HCOM","152",2.9,0.244535464535465,721,511.299202797203,0.155631927944061
"270","D","HCOM","153",2.9,0.27969696969697,310,251.447575757576,0.0762772645107208
"271","D","HCOM","154",2.6,0.227361853832442,154,91.0356862745098,0.0272899572321191
"272","D","HCOM","155",1.9,0.374635854341737,157,111.75387535014,0.0336169713815984
"273","D","HCOM","156",2.8,0.1,657,183.96,0.0556676038317143
"274","D","HCOM","157",4.1,0.272229437229437,1010,1127.3020995671,0.343749674613713
"275","D","HCOM","158",2.4,0.362037037037037,184,159.875555555556,0.0483125874146865
"276","D","HCOM","159",2,0.04,27,2.16,0.000148698768321603
"277","D","HCOM","160",2.7,0.135319255907491,596,217.755746606335,0.0659883015620971
"278","D","HCOM","161",2.875,0.05,278,39.9625,0.0116929969457633
"279","D","HCOM","162",2.5,0.462820512820513,313,362.157051282051,0.110086224143622
"280","D","HCOM","163",2.8,0.204473304473304,108,61.8327272727273,0.0183718257228225
"281","D","HCOM","164",2.9,0.416539343009931,626,756.185523300229,0.230416418479435
"282","D","HCOM","165",2.5,0.252836072536884,238,150.437463159446,0.0454303401335031
"283","D","HHAL","516",17.5,0.466666666666667,2,16.3333333333333,0.000435166731255421
"284","D","HHAL","517",25,0.33548951048951,57,478.072552447552,0.0127372206092778
"285","D","HHAL","518",24.8,0.61825311942959,74,1134.61812477718,0.0302294730968842
"286","D","HHAL","519",25.6,0.793333333333333,84,1705.984,0.0454522947461662
"287","D","HHAL","520",29.2,0.555493827160494,48,778.580148148148,0.0207436027402035
"288","D","HHAL","521",23.2,0.650694444444444,77,1162.40055555556,0.0309696765410569
"289","D","HHAL","522",31.3,0.788060731538992,195,4809.92867494824,0.128150261574425
"290","D","HHAL","523",25.4,0.775452744765139,153,3013.56445670628,0.0802899792276974
"291","D","HHAL","524",16.6111111111111,0.647008547008547,103,1106.99567901235,0.0294935321112047
"292","D","HHAL","525",35.7,0.773291925465838,155,4279.01086956522,0.114005092231537
"293","D","HHAL","526",37.4,0.548888888888889,66,1354.87733333333,0.0360978085958405
"294","D","HHAL","527",46.6,0.641169288228112,278,8306.21989513754,0.221301462909536
"295","D","HHAL","528",24.2,0.676666666666667,37,605.887333333333,0.0161425720625957
"296","D","HHAL","529",17.3,0.537926887926888,376,3499.10682058682,0.093226216985407
"297","D","HHAL","530",23.2,0.849417989417989,186,3665.40850793651,0.0976569697417065
"298","D","LPED","306",1.7,0.15400217748949,152,39.7941626632843,0.0276527262576021
"299","D","LPED","307",2.2,0.230121961371961,168,85.0530769230769,0.0595912178545267
"300","D","LPED","308",2.1,0.446340795427483,239,224.018445225054,0.157656854654815
"301","D","LPED","309",1.3,0.342853957636566,547,243.803449275362,0.171618815429629
"302","D","LPED","310",2.2,0.422481218574386,342,317.874868855368,0.223889830996832
"303","D","LPED","311",2.1,0.324883005928893,151,103.020401180052,0.072270471084214
"304","D","LPED","312",2.7,0.367555378982378,211,209.396299406261,0.147338240322138
"305","D","LPED","313",1.9,0.616275543836519,395,462.514795649308,0.325959912925244
"306","D","LPED","314",1.6,0.264973179235852,302,128.035040206764,0.0899229015815248
"307","D","LPED","315",2,0.300821494966502,373,224.41283524501,0.157935169381191
"308","D","LPED","316",1.9,0.407998346968935,287,222.48149860216,0.156572256016005
"309","D","LPED","317",2.7,0.51746549149775,318,444.295870999968,0.313103109324569
"310","D","LPED","318",2.4,0.410395989974937,355,349.657383458647,0.246318242994504
"311","D","LPED","319",1.3,0.171666666666667,226,50.4356666666667,0.0351622653561263
"312","D","LPED","320",1.9,0.408616008927374,197,152.944972141516,0.107501441959477
"313","D","ROFF","46",0.5,0.666666666666667,567,189,0.00399338835464851
"314","D","ROFF","47",0.25,0.794047619047619,296,58.7595238095238,0
"315","D","ROFF","48",1.875,0.829047619047619,2035,3163.33482142857,0.0951914120884328
"316","D","ROFF","49",1.5,0.864603174603175,217,281.428333333333,0.00682739388633202
"317","D","ROFF","50",1.5,0.719642857142857,801,864.650892857143,0.0247099619288849
"318","D","ROFF","51",1.9,0.845238095238095,1663,2670.69880952381,0.0800863773821422
"319","D","ROFF","52",2.5,0.676865079365079,284,480.574206349206,0.0129335356437902
"320","D","ROFF","53",1.2,0.66,1423,1127.016,0.0327545099386611
"321","D","ROFF","54",2.1,0.906349206349206,791,1505.53666666667,0.0443605794684575
"322","D","ROFF","55",2,0.831136363636364,524,871.030909090909,0.024905583776068
"323","D","ROFF","56",1.25,0.805714285714286,932,938.657142857143,0.0269791159243677
"324","D","ROFF","57",1.5,0.656666666666667,78,76.83,0.000554070679812807
"325","D","ROFF","58",1.6,0.93,1510,2246.88,0.0670913918911636
"326","D","ROFF","59",2.25,0.773333333333333,152,264.48,0.00630772996199985
"327","D","ROFF","60",2,0.702380952380952,186,261.285714285714,0.00620978788019885
"328","D","SGEN","166",0.833333333333333,0.20001443001443,272,45.3366041366041,0.0610391437725396
"329","D","SGEN","168",0,0.104454804454804,550,0,0
"330","D","SGEN","169",0,0.284651015539113,179,0,0
"331","D","SGEN","170",0.4,0.0636363636363636,11,0.28,0.00037697927716011
"332","D","SGEN","171",0,0.127417027417027,164,0,0
"333","D","SGEN","172",0,0.0436079182630907,355,0,0
"334","D","SGEN","173",2.33333333333333,0.215288446858165,602,302.408505020102,0.407149070105527
"335","D","SGEN","174",0,0.234047619047619,90,0,0
"336","D","SGEN","175",0.25,0.209613526570048,244,12.7864251207729,0.0172150617838959
"337","D","SGEN","176",2,0.167134894091416,68,22.7303455964326,0.0306031044733666
"338","D","SGEN","177",0.5,0.252142857142857,101,12.7332142857143,0.0171434211334049
"339","D","SGEN","178",2.33333333333333,0.217835497835498,395,200.771717171717,0.270309917191386
"340","D","SGEN","179",0.5,0.179365079365079,37,3.31825396825397,0.00446754636566446
"341","D","SGEN","180",0,0.130396864664599,320,0,0
"342","D","TMAS","591",1,0.00844947735191638,328,2.77142857142857,0.00576449489353053
"343","D","TMAS","592",1.4,0.125209521935865,501,87.8219586858155,0.182667248798434
"344","D","TMAS","593",1.25,0.00832376578645235,122,1.26937428243398,0.0026402634527571
"345","D","TMAS","594",1,0.0103174603174603,207,2.13571428571429,0.00444222673496296
"346","D","TMAS","595",1.5,0.0117647058823529,141,2.48823529411765,0.00517546069731471
"347","D","TMAS","596",1,0,204,0,0
"348","D","TMAS","597",1,0.00344827586206897,420,1.44827586206897,0.003012373797899
"349","D","TMAS","598",1,0.00629885057471264,345,2.17310344827586,0.00451999516056178
"350","D","TMAS","599",1.33333333333333,0.00792612442202606,296,3.12817710522629,0.0065065219919563
"351","D","TMAS","600",1.1,0.0784209852383368,448,38.6458615254524,0.0803823247390159
"352","E","AVEL","450",0.411108429907461,0.411108429907461,147,60.4329391963968,1
"353","E","AVEL","451",0.666794871794872,0.666794871794872,35,23.3378205128205,0.362842927745165
"354","E","AVEL","452",0.670184569952012,0.670184569952012,20,13.4036913990402,0.192211296248589
"355","E","AVEL","453",0.756205543113356,0.756205543113356,62,46.8847436730281,0.767292061587941
"356","E","AVEL","454",0.804267814565297,0.804267814565297,33,26.5408378806548,0.417858930952462
"357","E","AVEL","455",0.641417921992773,0.641417921992773,61,39.1264932415592,0.634033985966171
"358","E","AVEL","456",0.641670707342349,0.641670707342349,30,19.2501212202705,0.292631357977295
"359","E","AVEL","457",0.214084585627139,0.214084585627139,72,15.414090165154,0.226742518612595
"360","E","AVEL","458",0.65976430976431,0.65976430976431,33,21.7722222222222,0.335951734009574
"361","E","AVEL","459",0.553569044970602,0.553569044970602,41,22.6963308437947,0.351824505540219
"362","E","CLIB","411",11.2,0.95,106,1127.84,0.101788374672468
"363","E","CLIB","412",14.2,0.745238095238095,158,1672.01619047619,0.151839165645952
"364","E","CLIB","413",14,0.719495798319328,417,4200.41647058823,0.384389644942828
"365","E","CLIB","414",10.7,0.560952380952381,77,462.168666666667,0.0405630264400288
"366","E","CLIB","415",9.8,0.596666666666667,120,701.68,0.0625921631245225
"367","E","CLIB","416",17.6,0.831944444444444,87,1273.87333333333,0.115219840381087
"368","E","CLIB","417",17.4,0.600128205128205,33,344.593615384615,0.0297490209425353
"369","E","CLIB","418",10.2,0.518333333333333,4,21.148,0
"370","E","CLIB","419",17.2,0.695555555555555,76,909.230222222222,0.0816816656987795
"371","E","CLIB","420",11.9,0.782222222222222,186,1731.37066666667,0.157298313865117
"372","E","CLIB","421",12.6,0.764247517188694,223,2147.38267379679,0.195561160302976
"373","E","CLIB","422",13.5,0.743549783549784,770,7729.2,0.708950715258507
"374","E","CLIB","423",13,0.866883116883117,280,3155.45454545455,0.288278914989081
"375","E","CLIB","424",17.9,0.534285714285714,9,86.0734285714286,0.00597153846707046
"376","E","CLIB","425",14.7,0.821001221001221,93,1122.39076923077,0.101287179811373
"377","E","CSAL","361",33.4,0.479145299145299,56,896.193367521367,1
"378","E","CSAL","362",33,0.427380952380952,32,451.314285714286,0.503590298779493
"379","E","CSAL","363",20.6,0.573571428571429,12,141.786857142857,0.158210116567814
"380","E","CSAL","364",31.9,0.275208125208125,20,175.582783882784,0.19592064642076
"381","E","CSAL","365",17.6666666666667,0.3,2,10.6,0.0118278045611036
"382","E","CSAL","365_1",18.25,0.188717948717949,0,0,0
"383","E","CSAL","365_2",39.3,0.308717948717949,14,169.856615384615,0.18953121228111
"384","E","CSAL","365_3",26.8,0.152046783625731,0,0,0
"385","E","CSAL","365_4",31.2,0.394444444444444,0,0,0
"386","E","HCOM","181",2.85714285714286,0.071787946878691,751,154.036423159705,0.0465294067923664
"387","E","HCOM","182",3.125,0.237014274817478,356,263.678380734445,0.0800123629725451
"388","E","HCOM","183",2.85714285714286,0.203102453102453,196,113.737373737374,0.0342227010771662
"389","E","HCOM","184",3.44444444444444,0.236153846153846,196,159.430085470085,0.0481765477481089
"390","E","HCOM","185",4.3,0.252775033642664,1152,1252.1464066523,0.381875192945773
"391","E","HCOM","186",3,0.338151260504202,1278,1296.47193277311,0.395411522299931
"392","E","HCOM","187",2.44444444444444,0.185957066189624,741,336.83023255814,0.102351805858195
"393","E","HCOM","188",2.88888888888889,0.306509372979961,369,326.738991596639,0.099270097118297
"394","E","HCOM","189",3.33333333333333,0.356272893772894,608,722.046398046398,0.219990858226879
"395","E","HCOM","190",2.875,0.150793650793651,166,71.9662698412698,0.0214664527185253
"396","E","HCOM","191",2.77777777777778,1.22541353383459,937,3189.4791144528,0.973506604830158
"397","E","HCOM","192",2.25,0.307277167277167,171,118.22489010989,0.0355931190939767
"398","E","HCOM","193",2.8,0.253290043290043,333,236.167636363636,0.0716110076098049
"399","E","HCOM","194",3,0.115042735042735,197,67.9902564102564,0.0202522397800918
"400","E","HCOM","195",3,0.252950513538749,378,286.845882352941,0.0870873592481958
"401","E","HHAL","533",38.7,0.811557017151646,767,24089.3657844106,0.641809626515396
"402","E","HHAL","534",18.6,0.573992673992674,56,597.870769230769,0.0159289878587337
"403","E","HHAL","535",22.5,0.475,63,673.3125,0.017938971412556
"404","E","HHAL","536",29.3,0.911666666666667,56,1495.86266666667,0.0398540612485929
"405","E","HHAL","537",21.6,0.868831168831169,2000,37533.5064935065,1
"406","E","HHAL","538",18.3,0.735811310031259,236,3177.821885763,0.0846662670942503
"407","E","HHAL","539",31.8571428571429,0.878769230769231,548,15341.3021538462,0.408736182336182
"408","E","HHAL","540",20.1,0.72987012987013,504,7393.87636363636,0.196994020926756
"409","E","HHAL","541",34.3,0.528888888888889,44,798.199111111111,0.0212663080452982
"410","E","HHAL","542",0,0.904761904761905,48,0,0
"411","E","HHAL","543",19.9,0.559242424242424,27,300.480954545454,0.00800567233432984
"412","E","HHAL","544",14.6666666666667,0.75,2,22,0.000586142944139955
"413","E","HHAL","545",12.0666666666667,0.869166666666667,147,1541.72783333333,0.0410760405132961
"414","E","LPED","321",2.1,0.275299283809922,283,163.610364368237,0.115027838594971
"415","E","LPED","322",1.6,0.189067261241174,524,158.513991824601,0.111431410038922
"416","E","LPED","323",2.6,0.307864096948108,491,393.019306163955,0.27691805800554
"417","E","LPED","324",2.6,0.323731361231361,122,102.687587782588,0.072035609995032
"418","E","LPED","325",2.4,0.288454106280193,608,420.912231884058,0.296601649366382
"419","E","LPED","326",1.8,0.419020467836257,331,249.652394736842,0.175746322651744
"420","E","LPED","327",2,0.360748548278391,329,237.372544767181,0.167080629020292
"421","E","LPED","328",1.7,0.392618075387452,312,208.244627185504,0.146525523664069
"422","E","LPED","329",2,0.355288656070985,321,228.095317197572,0.160533837971043
"423","E","LPED","330",1.7,0.343306645668549,390,227.612306078248,0.160192984752886
"424","E","LPED","331",3.1,0.288789186290283,263,235.449823582468,0.165723795446055
"425","E","LPED","332",2.3,0.343722943722944,254,200.802943722944,0.141274046720285
"426","E","LPED","333",2.2,0.351512901699603,728,562.983063362085,0.396858761838921
"427","E","LPED","334",2.1,0.268595146871009,358,201.929831417625,0.142069273334885
"428","E","LPED","335",1.9,0.296323008608478,148,83.3260300207039,0.0583724684903172
"429","E","ROFF","76",3.11111111111111,0.882395382395382,1443,3961.367003367,0.119660398345262
"430","E","ROFF","77",1.66666666666667,0.655357142857143,349,381.199404761905,0.00988653990934692
"431","E","ROFF","78",1.7,0.791861471861472,1475,1985.59264069264,0.0590798894120966
"432","E","ROFF","79",1.8,0.86547619047619,1011,1574.99357142857,0.0464902430165273
"433","E","ROFF","80",1.5,0.691190476190476,1441,1494.00821428571,0.0440070980559825
"434","E","ROFF","81",1.9,0.725,3146,4333.615,0.131074137439869
"435","E","ROFF","82",1.85714285714286,0.748095238095238,664,922.508299319728,0.0264839656791472
"436","E","ROFF","83",0.6,0.7,229,96.18,0.00114737367533809
"437","E","ROFF","84",2,0.898484848484848,748,1344.13333333333,0.0394116863855411
"438","E","ROFF","85",1.7,0.776330532212885,1218,1607.47,0.047486024016806
"439","E","ROFF","86",2.16666666666667,0.857272727272727,946,1757.12333333333,0.052074642670915
"440","E","ROFF","87",2,0.811666666666667,383,621.736666666667,0.0172618100914422
"441","E","ROFF","88",2.1,0.842261904761905,1287,2276.38125,0.0679959489969383
"442","E","ROFF","89",2.5,0.714761904761905,889,1588.55833333333,0.0469061610460717
"443","E","ROFF","90",2.75,0.742857142857143,2264,4625.02857142857,0.140009359396732
"444","E","SGEN","351",0.1,0.224040404040404,132,2.95733333333333,0.00398161922257678
"445","E","SGEN","353",1,0.163281761716544,584,95.3565488424619,0.12838372448255
"446","E","SGEN","354",0.833333333333333,0.146181818181818,279,33.9872727272727,0.0457589196620386
"447","E","SGEN","355",0.333333333333333,0.0366666666666667,49,0.598888888888889,0.000806316787259124
"448","E","SGEN","356",0,0.0777777777777778,59,0,0
"449","E","SGEN","357",0,0.048859649122807,399,0,0
"450","E","SGEN","358",1,0.177836990595611,148,26.3198746081505,0.0354358832311618
"451","E","SGEN","359",1.66666666666667,0.298679653679654,196,97.5686868686869,0.131362046604352
"452","E","SGEN","360",0,0.149300038714673,130,0,0
"453","E","TMAS","601",1,0.045692484719297,766,35.0004432949815,0.0727999554905454
"454","E","TMAS","602",1.4,0.0624515281017579,720,62.951140326572,0.130936633437172
"455","E","TMAS","603",1.5,0.0139689578713969,177,3.70875831485588,0.0077141148748082
"456","E","TMAS","604",1.2,0.0388779435219064,60,2.79921193357726,0.0058222835195418
"457","E","TMAS","605",1,0.00176991150442478,2953,5.22654867256637,0.0108710769039476
"458","E","TMAS","606",1,0.00646675358539765,145,0.93767926988266,0.00195034698665238
"459","E","TMAS","607",1,0.0163459931880984,334,5.45956172482488,0.0113557376178183
"460","E","TMAS","608",1,0.00192307692307692,220,0.423076923076923,0.000879988316419213
"461","E","TMAS","609",1.125,0.0347537316287316,1555,60.7973092680124,0.126456724314999
"462","F","AVEL","460",0.542688217956863,0.542688217956863,78,42.3296810006353,0.689052915865406
"463","F","AVEL","461",0.596878306878307,0.596878306878307,39,23.278253968254,0.36181979460832
"464","F","AVEL","462",0.428316562206505,0.428316562206505,40,17.1326624882602,0.256261240986527
"465","F","AVEL","463",0.768680351906158,0.768680351906158,18,13.8362463343109,0.199640991742956
"466","F","AVEL","464",0.629553253379912,0.629553253379912,50,31.4776626689956,0.502655339213233
"467","F","AVEL","465",0.782457786116323,0.782457786116323,40,31.2983114446529,0.499574747883083
"468","F","AVEL","466",0.302031947380785,0.302031947380785,48,14.4975334742777,0.210999461346871
"469","F","AVEL","467",0.460600697514491,0.460600697514491,46,21.1876320856666,0.325910635528286
"470","F","AVEL","468",0.575590081947114,0.575590081947114,29,16.6921123764663,0.248694217901723
"471","F","CLIB","426",16.2,0.672380952380952,7,76.248,0.00506784131849963
"472","F","CLIB","427",14.6,0.811341991341991,219,2594.18488311688,0.236655946103144
"473","F","CLIB","428",17.1,0.904444444444444,125,1933.25,0.17586623449702
"474","F","CLIB","429",16.3,0.566337054758107,92,849.279047315258,0.0761676359113727
"475","F","CLIB","430",16.2,0.708730158730159,828,9506.62285714286,0.872429789593792
"476","F","CLIB","431",14.4,0.76030303030303,51,558.366545454546,0.0494108591963488
"477","F","CLIB","432",13.2,0.828939393939394,236,2582.312,0.235563933623481
"478","F","CLIB","433",15.6,0.541795665634675,258,2180.61919504644,0.1986181006963
"479","F","CLIB","434",13.8,0.821969696969697,37,419.697727272727,0.0366567472840197
"480","F","CLIB","435",16.6,0.8,211,2802.08,0.25577717048163
"481","F","CLIB","561",14.1,0.697142857142857,27,265.402285714286,0.0224653713496093
"482","F","CLIB","562",15.9,0.741428571428571,6,70.7322857142857,0.00456053161326948
"483","F","CLIB","563",14.8,0.720714285714286,7,74.666,0.00492233632819353
"484","F","CLIB","564",18.6,0.866388888888889,676,10893.6273333333,1
"485","F","CLIB","565",17,0.853846153846154,254,3686.90769230769,0.337159499679989
"486","F","HCOM","196",3.9,0.176400984636279,217,149.288153297683,0.0450793586972894
"487","F","HCOM","197",4.1,0.483333333333333,107,212.038333333333,0.0642422920752327
"488","F","HCOM","198",2.5,0.41978021978022,915,960.247252747253,0.292733711022015
"489","F","HCOM","199",3.8,0.355833333333333,172,232.572666666667,0.0705131595277816
"490","F","HCOM","200",2.9,0.500833333333333,724,1051.54966666667,0.320616054533844
"491","F","HCOM","201",5.6,0.324122807017544,1805,3276.23333333333,1
"492","F","HCOM","202",2.9,0.341266968325792,321,317.68542081448,0.096505276784197
"493","F","HCOM","203",3.88888888888889,0.362323232323232,229,322.668967452301,0.0980271747636479
"494","F","HCOM","204",3.375,0.122142857142857,86,35.4519642857143,0.010315549178401
"495","F","HCOM","205",3.3,0.457564365459102,804,1214.00977443609,0.370228855963103
"496","F","HCOM","206",2.1,0.371666666666667,172,134.246,0.0404857179883617
"497","F","HCOM","207",3,0.0866666666666667,262,68.12,0.0202918614634887
"498","F","HCOM","208",2.8,0.386519607843137,567,613.638529411765,0.186884773700746
"499","F","HCOM","209",3.5,0.158874458874459,102,56.7181818181818,0.0168099227330903
"500","F","HCOM","210",2.3,0.236280193236715,410,222.812222222222,0.067532470922239
"501","F","HHAL","546",43.3333333333333,0.555079365079365,643,15466.3613756614,0.412068117811938
"502","F","HHAL","547",7.5,0.666666666666667,2,10,0.000266428610972707
"503","F","HHAL","548",15.1428571428571,0.858728070175439,387,5032.39184210526,0.134077316836249
"504","F","HHAL","549",21.7333333333333,0.392286224312086,215,1833.02276413561,0.0488369708930002
"505","F","HHAL","550",18.7692307692308,0.464857142857143,333,2905.42865934066,0.0774089321988425
"506","F","HHAL","551",35.1,0.706709956709957,16,396.888311688312,0.010574240159442
"507","F","HHAL","552",27.3,0.517799043062201,61,862.290746411483,0.022973892582103
"508","F","HHAL","553",27.6,0.777777777777778,7,150.266666666667,0.00400353392754987
"509","F","HHAL","554",26.2,0.719600301659125,214,4034.65497134238,0.107494751976888
"510","F","HHAL","555",22.25,0.750215484363082,134,2236.76746662853,0.0595938849202779
"511","F","HHAL","556",18.3,0.862353328683252,229,3613.8640945129,0.0962836790945211
"512","F","HHAL","557",34.6666666666667,0.575681050452218,15,299.354146235153,0.00797565093703523
"513","F","HHAL","558",27.1,0.676589058000823,746,13678.3303499794,0.364429855557084
"514","F","HHAL","559",24.4,0.740363590134757,226,4082.6609814391,0.108773769435729
"515","F","HHAL","560",17.5,0.809673202614379,859,12171.4124183007,0.324281250418379
"516","F","LPED","336",2,0.262351992834751,252,132.225404388715,0.0928799745339397
"517","F","LPED","337",2.1,0.272415535129008,540,308.919216836295,0.217569970668007
"518","F","LPED","338",2.2,0.0740583403142484,65,10.5903426649375,0.00704405778046367
"519","F","LPED","339",2,0.31904347826087,331,211.206782608696,0.148615869348221
"520","F","LPED","340",1.9,0.343649478151582,107,69.8639389082166,0.0488724862016307
"521","F","LPED","341",1.9,0.250326546058253,106,50.4157663761322,0.0351482220395243
"522","F","LPED","342",1.2,0.0894648829431438,140,15.0301003344482,0.0101771237264583
"523","F","LPED","343",2.4,0.13324596173674,78,24.9436440371177,0.0171729528889961
"524","F","LPED","344",1.8,0.11085299569523,128,25.540530208181,0.0175941659090301
"525","F","LPED","345",0.1,0.0183823529411765,331,0.608455882352941,0
"526","F","LPED","346",1.6,0.187224048662728,718,215.082987103742,0.151351244836514
"527","F","LPED","347",2,0.18668946301925,231,86.2505319148936,0.0604362426815542
"528","F","LPED","348",2.9,0.279848534205717,79,64.1132991865298,0.0448143517670802
"529","F","LPED","349",1.6,0.179243977661082,253,72.557962157206,0.050773615300881
"530","F","LPED","350",2.3,0.266450216450216,396,242.682857142857,0.170828031492521
"531","F","ROFF","100",2.9,0.756666666666667,1579,3464.85233333333,0.104436437567318
"532","F","ROFF","101",3,0.832738095238095,2728,6815.12857142857,0.207161446761069
"533","F","ROFF","102",2.8,0.963492063492064,12111,32672.7866666667,1
"534","F","ROFF","103",2.2,0.71712775528565,4249,6703.5668308592,0.203740779326142
"535","F","ROFF","104",1.2,0.611666666666667,1642,1205.228,0.0351526191834168
"536","F","ROFF","105",1.75,0.314880952380952,184,101.391666666667,0.0013071719929098
"537","F","ROFF","91",2.8,0.801388888888889,3598,8073.51222222222,0.245745570251297
"538","F","ROFF","92",2.3,0.691666666666667,1178,1874.00166666667,0.055658325631053
"539","F","ROFF","93",3,0.853333333333333,6470,16563.2,0.506053435348451
"540","F","ROFF","94",2.3,0.868333333333333,922,1841.38766666667,0.0546583264632978
"541","F","ROFF","95",1.88888888888889,0.815,2308,3553.03777777778,0.107140349109985
"542","F","ROFF","96",3.4,0.776277056277056,2747,7250.27245021645,0.220503677601861
"543","F","ROFF","97",2.9,0.759444444444444,1987,4376.14672222222,0.132378230370065
"544","F","ROFF","98",2.8,0.804642857142857,4667,10514.751,0.320597987804167
"545","F","ROFF","99",2.5,0.929166666666667,1915,4448.38541666667,0.134593188189534
"546","F","SGEN","211",2,0.176159951159951,687,242.043772893773,0.32587673766643
"547","F","SGEN","213",1,0.15952380952381,138,22.0142857142857,0.0296390339848842
"548","F","SGEN","215",1,0.137402597402597,273,37.5109090909091,0.050502983552534
"549","F","SGEN","217",1,0.135953017570665,142,19.3053284950344,0.0259918170764162
"550","F","SGEN","219",2,0.036985236985237,444,32.8428904428904,0.0442181753536055
"551","F","SGEN","220",1,0.180532048596565,445,80.3367616254713,0.108161765453408
"552","F","SGEN","225",0.5,0.204761904761905,759,77.7071428571429,0.104621366230225
"553","F","TMAS","611",1.25,0.00605722779635823,288,2.18060200668896,0.00453559195498282
"554","F","TMAS","612",1.1,0.0853754940711462,394,37.0017391304348,0.0769625955610299
"555","F","TMAS","613",1,0.0372093023255814,273,10.1581395348837,0.0211286497080544
"556","F","TMAS","614",1.1,0.175882792730619,2485,480.775613929147,1
"557","F","TMAS","615",1.5,0.134034231973394,562,112.990857553571,0.23501786338569
"558","F","TMAS","616",1,0.0410997568473708,798,32.7976059642019,0.068218114675499
"559","F","TMAS","617",1,0.0268209240332833,1103,29.5834792087115,0.0615328197845561
"560","F","TMAS","618",1,0.00625,51,0.31875,0.00066299119748402
"561","F","TMAS","619",1,0.00540540540540541,2563,13.8540540540541,0.0288160498425275
"562","F","TMAS","620",1.6,0.0768707482993197,295,36.2829931972789,0.075467623868764
"563","F","TMAS","621",1,0.00476190476190476,755,3.5952380952381,0.00747799595294768
"564","F","TMAS","622",1,0.0043010752688172,386,1.66021505376344,0.00345320146376665
"565","F","TMAS","623",1,0.0107142857142857,154,1.65,0.00343195443403493
"566","F","TMAS","624",1,0.004,325,1.3,0.00270396409954267
